Date,Open,High,Low,Close,Adj Close,Volume,Rate,Action
24/09/2014,21.5,23.219999,21.35,23.08,21.566008,60450900,A3,CONFIRMED
25/09/2014,22.559999,23.41,22.450001,23.049999,21.537977,8430000,A3,CONFIRMED
26/09/2014,23.18,23.370001,22.91,23.25,21.724857,2504400,A3,CONFIRMED
29/09/2014,23.139999,23.450001,22.91,23.23,21.706167,4832600,A3,CONFIRMED
30/09/2014,23.110001,23.57,23.049999,23.42,21.883707,4103100,A3,CONFIRMED
01/10/2014,23.219999,23.610001,23.110001,23.440001,21.902395,3915500,A3,CONFIRMED
02/10/2014,23.34,23.59,23.302999,23.34,21.808956,3121400,A3,CONFIRMED
03/10/2014,23.379999,23.469999,23.01,23.23,21.706167,1585900,A3,CONFIRMED
06/10/2014,23.280001,23.370001,22.610001,22.639999,21.154871,1208400,A3,CONFIRMED
07/10/2014,22.559999,22.74,22.26,22.52,21.042742,1508400,A3,CONFIRMED
08/10/2014,22.110001,23.15,22.110001,22.75,21.257654,1649200,A3,CONFIRMED
09/10/2014,23,23,22.24,22.48,21.005369,1229100,A3,CONFIRMED
10/10/2014,22.389999,22.559999,22.135,22.280001,20.818485,924000,A3,CONFIRMED
13/10/2014,22.129999,22.66,22.120001,22.450001,20.977337,1382800,A3,CONFIRMED
14/10/2014,22.5,22.790001,22.299999,22.450001,20.977337,1605800,A3,CONFIRMED
15/10/2014,22.129999,22.200001,21.5,21.85,20.416695,3405400,A3,CONFIRMED
16/10/2014,21.51,21.950001,21.469999,21.799999,20.369972,3105800,A3,CONFIRMED
17/10/2014,21.889999,22.07,21.73,21.92,20.482105,2750600,A3,CONFIRMED
20/10/2014,21.82,22.379999,21.82,22.379999,20.911924,1870600,A3,CONFIRMED
21/10/2014,22.110001,22.93,22.110001,22.82,21.323065,1165500,A3,CONFIRMED
22/10/2014,22.780001,23,22.403,22.6,21.117498,884700,A3,CONFIRMED
23/10/2014,22.969999,23.08,22.59,23.030001,21.519289,1154200,A3,CONFIRMED
24/10/2014,23.32,23.49,22.77,23.18,21.659452,1357800,A3,CONFIRMED
27/10/2014,23.15,23.190001,22.725,22.85,21.351095,2898800,A3,CONFIRMED
28/10/2014,23.16,23.59,22.93,23.280001,21.752888,1500600,A3,CONFIRMED
29/10/2014,23.35,23.530001,23.200001,23.48,21.939775,1302300,A3,CONFIRMED
30/10/2014,23.459999,23.690001,23.297001,23.440001,21.902395,1153600,A3,CONFIRMED
31/10/2014,23.59,23.92,23.370001,23.620001,22.070589,1238600,A3,CONFIRMED
03/11/2014,23.49,24,23.16,24,22.425661,1826900,A3,CONFIRMED
04/11/2014,23.74,23.91,23.43,23.6,22.144169,1474500,A3,CONFIRMED
05/11/2014,23.799999,23.950001,23.549999,23.9,22.425657,1097600,A3,CONFIRMED
06/11/2014,23.790001,24.459999,23.75,24.299999,22.800985,1010700,A3,CONFIRMED
07/11/2014,24.48,24.48,23.959999,23.969999,22.491341,600700,A3,CONFIRMED
10/11/2014,24.040001,24.25,23.75,23.950001,22.472574,1531300,A3,CONFIRMED
11/11/2014,23.969999,24.219999,23.75,23.940001,22.463192,658300,A3,CONFIRMED
12/11/2014,23.75,23.98,23.51,23.860001,22.388128,940800,A3,CONFIRMED
13/11/2014,23.620001,23.959999,23.58,23.82,22.350595,1149700,A3,CONFIRMED
14/11/2014,23.74,24,23.74,23.959999,22.48196,1111500,A3,CONFIRMED
17/11/2014,24.110001,24.110001,23.559999,24,22.519493,992400,A3,CONFIRMED
18/11/2014,24.040001,24.040001,23.709999,23.73,22.266144,586000,A3,CONFIRMED
19/11/2014,23.799999,24,23.51,23.719999,22.256763,812800,A3,CONFIRMED
20/11/2014,23.57,23.870001,23.5,23.709999,22.247375,745800,A3,CONFIRMED
21/11/2014,23.950001,24.209999,23.695,23.77,22.30368,725200,A3,CONFIRMED
24/11/2014,23.799999,24.360001,23.68,24.25,22.75407,836800,A3,CONFIRMED
25/11/2014,24.24,24.299999,24.02,24.030001,22.547638,701600,A3,CONFIRMED
26/11/2014,24.110001,24.27,23.92,24.23,22.735306,703700,A3,CONFIRMED
28/11/2014,24.219999,25.09,24.049999,24.629999,23.110626,713400,A3,CONFIRMED
01/12/2014,24.620001,24.895,23.49,23.98,22.500721,2282600,A3,CONFIRMED
02/12/2014,24.02,24.43,23.799999,24.200001,22.707157,1369300,A3,CONFIRMED
03/12/2014,24.33,24.59,24.190001,24.23,22.735306,1854500,A3,CONFIRMED
04/12/2014,24.32,24.559999,24.09,24.4,22.894814,1433700,A3,CONFIRMED
05/12/2014,24.450001,25.219999,24.450001,25.15,23.598555,1008400,A3,CONFIRMED
08/12/2014,25.08,25.139999,24.68,25.040001,23.495338,2244900,A3,CONFIRMED
09/12/2014,24.709999,25.33,24.5,25.16,23.607931,1141800,A3,CONFIRMED
10/12/2014,25.15,25.41,24.620001,24.65,23.129391,631000,A3,CONFIRMED
11/12/2014,24.85,25.280001,24.51,24.690001,23.166925,1709100,A3,CONFIRMED
12/12/2014,24.52,24.83,24.4,24.459999,22.951111,950800,A3,CONFIRMED
15/12/2014,24.68,24.805,24.27,24.49,22.979261,1175100,A3,CONFIRMED
16/12/2014,24.530001,24.875,24.219999,24.25,22.75407,1313900,A3,CONFIRMED
17/12/2014,24.219999,24.799999,24.219999,24.559999,23.044945,2160100,A3,CONFIRMED
18/12/2014,24.75,25.139999,24.68,25.08,23.532867,1768500,A3,CONFIRMED
19/12/2014,25.040001,25.6,24.84,25,23.457806,7523100,A3,CONFIRMED
22/12/2014,25.16,25.278999,24.66,25.1,23.551636,1689600,A3,CONFIRMED
23/12/2014,25.309999,25.5,25.120001,25.440001,23.870659,1174600,A3,CONFIRMED
24/12/2014,25.450001,25.59,25.18,25.51,23.93634,547200,A3,CONFIRMED
26/12/2014,25.51,25.51,25.25,25.309999,23.74868,304000,A3,CONFIRMED
29/12/2014,25.200001,25.51,25.18,25.370001,23.804979,1071000,A3,CONFIRMED
30/12/2014,25.459999,25.5,25.16,25.190001,23.636082,511800,A3,CONFIRMED
31/12/2014,25.25,25.285,24.83,24.860001,23.326441,621600,A3,CONFIRMED
02/01/2015,24.969999,25,24.290001,24.76,23.232605,643500,A3,CONFIRMED
05/01/2015,24.58,24.68,23.84,24.18,22.688385,1330400,A3,CONFIRMED
06/01/2015,24.17,24.219999,23.700001,23.91,22.435045,2075000,A3,CONFIRMED
07/01/2015,23.99,24.129999,23.790001,24,22.519493,1160200,A3,CONFIRMED
08/01/2015,24.07,24.48,23.940001,24.18,22.688385,661500,A3,CONFIRMED
09/01/2015,24.15,24.18,23.780001,23.889999,22.416277,724700,A3,CONFIRMED
12/01/2015,23.799999,24.040001,23.620001,23.879999,22.406893,938600,A3,CONFIRMED
13/01/2015,23.940001,24.190001,23.610001,23.870001,22.397511,989800,A3,CONFIRMED
14/01/2015,23.6,23.743999,23.1,23.440001,21.994036,962500,A3,CONFIRMED
15/01/2015,23.370001,23.610001,22.67,22.959999,21.543646,1558000,A3,CONFIRMED
16/01/2015,22.83,23.24,22.790001,23.190001,21.759457,1951800,A3,CONFIRMED
20/01/2015,23.16,23.85,22.91,23.1,21.675011,1742100,A3,CONFIRMED
21/01/2015,23.07,23.59,23.01,23.280001,21.843904,787300,A3,CONFIRMED
22/01/2015,23.299999,24.16,23.280001,24.139999,22.650854,486500,A3,CONFIRMED
23/01/2015,24.040001,24.040001,23.67,23.709999,22.247375,651800,A3,CONFIRMED
26/01/2015,23.75,24.309999,23.530001,24.09,22.603935,1165400,A3,CONFIRMED
27/01/2015,23.860001,24.639999,23.76,24.15,22.660238,1308200,A3,CONFIRMED
28/01/2015,24.17,24.35,23.84,23.860001,22.388128,1301900,A3,CONFIRMED
29/01/2015,23.92,24.35,23.26,24.24,22.744684,1818600,A3,CONFIRMED
30/01/2015,24.1,24.24,23.809999,23.9,22.425657,1882300,A3,CONFIRMED
02/02/2015,23.85,24.16,23.690001,24,22.519493,1445800,A3,CONFIRMED
03/02/2015,23.91,24.450001,23.799999,24.290001,22.886967,1351800,A3,CONFIRMED
04/02/2015,24.27,24.379999,23.93,24.01,22.623137,1101600,A3,CONFIRMED
05/02/2015,24.09,24.41,23.98,24.35,22.943499,984600,A3,CONFIRMED
06/02/2015,24.41,25,24.219999,24.5,23.084831,1748400,A3,CONFIRMED
09/02/2015,24.48,24.530001,24.110001,24.26,22.858696,781600,A3,CONFIRMED
10/02/2015,24.73,24.959999,24.530001,24.82,23.386345,1384900,A3,CONFIRMED
11/02/2015,24.879999,25,24.549999,24.969999,23.527683,1393100,A3,CONFIRMED
12/02/2015,24.799999,25.370001,24.75,25.33,23.866888,985100,A3,CONFIRMED
13/02/2015,25.280001,25.67,25.139999,25.450001,23.979959,1164500,A3,CONFIRMED
17/02/2015,25.709999,25.74,25.26,25.559999,24.083609,1807100,A3,CONFIRMED
18/02/2015,25.629999,25.629999,25.059999,25.209999,23.753824,1783500,A3,CONFIRMED
19/02/2015,25.02,25.219999,24.85,25.02,23.5748,896800,A3,CONFIRMED
20/02/2015,25.1,25.26,24.862,25.25,23.791513,744800,A3,CONFIRMED
23/02/2015,25.1,25.1,24.674999,24.91,23.471151,743600,A3,CONFIRMED
24/02/2015,24.860001,25.07,24.77,24.93,23.489996,530700,A3,CONFIRMED
25/02/2015,24.870001,25,24.719999,24.959999,23.518261,612600,A3,CONFIRMED
26/02/2015,24.940001,24.995001,24.610001,24.85,23.414616,702900,A3,CONFIRMED
27/02/2015,24.799999,25,24.709999,24.84,23.405197,468500,A3,CONFIRMED
02/03/2015,24.84,25.18,24.620001,24.85,23.414616,1408600,A3,CONFIRMED
03/03/2015,24.82,25.049999,24.58,25.040001,23.593641,905500,A3,CONFIRMED
04/03/2015,24.99,24.99,24.5,24.9,23.461727,1781500,A3,CONFIRMED
05/03/2015,24.889999,25.32,24.610001,25.299999,23.838623,1959200,A3,CONFIRMED
06/03/2015,25.030001,25.799999,24.950001,25.5,24.027073,1542200,A3,CONFIRMED
09/03/2015,25.469999,25.535,25.110001,25.23,23.772667,1890600,A3,CONFIRMED
10/03/2015,24.950001,25.200001,24.790001,25,23.555952,1434300,A3,CONFIRMED
11/03/2015,25,25.27,25,25.110001,23.659599,837700,A3,CONFIRMED
12/03/2015,25.120001,25.780001,24.99,25.49,24.017649,2143300,A3,CONFIRMED
13/03/2015,25.17,25.23,24.43,24.77,23.339241,3480900,A3,CONFIRMED
16/03/2015,24.93,25.32,24.77,25.309999,23.848045,1186800,A3,CONFIRMED
17/03/2015,25.18,25.610001,24.9,25.6,24.121296,1225200,A3,On Watch - Possible Downgrade
18/03/2015,25.450001,25.84,25.1,25.190001,23.734978,1287700,A3,On Watch - Possible Downgrade
19/03/2015,25,25.190001,24.495001,24.799999,23.367502,1824100,A3,On Watch - Possible Downgrade
20/03/2015,24.780001,25.02,24.74,24.799999,23.367502,6593200,A3,On Watch - Possible Downgrade
23/03/2015,24.85,25.24,24.51,24.76,23.329815,3769900,A3,On Watch - Possible Downgrade
24/03/2015,24.700001,24.92,24.24,24.32,22.91523,2657600,A3,On Watch - Possible Downgrade
25/03/2015,24.27,24.43,23.84,24,22.613716,5012400,A3,On Watch - Possible Downgrade
26/03/2015,24,24.290001,23.83,24.120001,22.726786,62491000,A3,On Watch - Possible Downgrade
27/03/2015,24.110001,24.540001,24.1,24.48,23.065989,9244300,A3,On Watch - Possible Downgrade
30/03/2015,24.5,24.68,24.16,24.32,22.91523,5463500,A3,On Watch - Possible Downgrade
31/03/2015,24.219999,24.290001,24.040001,24.129999,22.736208,3946500,A3,On Watch - Possible Downgrade
01/04/2015,24.15,24.459999,24.030001,24.360001,22.952921,5348500,A3,On Watch - Possible Downgrade
02/04/2015,24.34,24.68,24.25,24.620001,23.197905,6024800,A3,On Watch - Possible Downgrade
06/04/2015,24.48,24.799999,24.280001,24.75,23.320393,3718400,A3,On Watch - Possible Downgrade
07/04/2015,24.73,25,24.700001,24.9,23.461727,5752800,A3,On Watch - Possible Downgrade
08/04/2015,25,25.09,24.879999,25,23.555952,4441600,A3,On Watch - Possible Downgrade
09/04/2015,25,25.139999,24.93,25.040001,23.593641,3584900,A3,On Watch - Possible Downgrade
10/04/2015,25.030001,25.299999,24.969999,25.110001,23.659599,2606700,A3,On Watch - Possible Downgrade
13/04/2015,25.190001,25.459999,24.98,25.450001,23.979959,4462600,A3,On Watch - Possible Downgrade
14/04/2015,25.15,25.25,25.02,25.139999,23.687862,1860800,A3,On Watch - Possible Downgrade
15/04/2015,25.15,25.66,25.02,25.6,24.121296,3701300,A3,On Watch - Possible Downgrade
16/04/2015,25.6,25.629999,25.200001,25.49,24.017649,1971000,A3,On Watch - Possible Downgrade
17/04/2015,25.360001,25.41,25.040001,25.120001,23.669024,1302100,A3,On Watch - Possible Downgrade
20/04/2015,25.190001,25.280001,24.969999,25.110001,23.659599,2630000,A3,On Watch - Possible Downgrade
21/04/2015,25.190001,25.459999,24.959999,25.040001,23.593641,3493900,A3,On Watch - Possible Downgrade
22/04/2015,25.5,25.98,24.92,25.49,24.017649,3562600,A3,On Watch - Possible Downgrade
23/04/2015,25.66,25.74,25.280001,25.639999,24.158981,2450300,A3,On Watch - Possible Downgrade
24/04/2015,25.66,25.719999,25.280001,25.57,24.093031,1918400,A3,On Watch - Possible Downgrade
27/04/2015,25.700001,25.84,25.48,25.48,24.008226,4843500,A3,On Watch - Possible Downgrade
28/04/2015,25.530001,25.825001,25.389999,25.780001,24.290897,2557100,A3,On Watch - Possible Downgrade
29/04/2015,25.629999,26.290001,25.6,26.09,24.582993,3516600,A3,On Watch - Possible Downgrade
30/04/2015,25.99,26.18,25.68,26.049999,24.545301,2700300,A3,On Watch - Possible Downgrade
01/05/2015,26.15,26.302,25.91,25.98,24.573677,2090700,A3,On Watch - Possible Downgrade
04/05/2015,26.049999,26.379999,25.969999,26.299999,24.876352,1626000,A3,On Watch - Possible Downgrade
05/05/2015,26.23,26.469999,26.139999,26.24,24.819601,2164100,A3,On Watch - Possible Downgrade
06/05/2015,26.290001,26.431999,25.780001,25.85,24.450718,2614500,A3,On Watch - Possible Downgrade
07/05/2015,25.82,25.959999,25.610001,25.950001,24.545303,2998300,A3,On Watch - Possible Downgrade
08/05/2015,26.190001,26.242001,25.57,25.809999,24.412878,3298200,A3,On Watch - Possible Downgrade
11/05/2015,25.83,26.190001,25.83,26.07,24.658808,4875100,A3,On Watch - Possible Downgrade
12/05/2015,26.02,26.25,25.959999,26.15,24.734474,3526300,A3,On Watch - Possible Downgrade
13/05/2015,26.290001,26.41,25.99,26.23,24.810146,3532400,A3,On Watch - Possible Downgrade
14/05/2015,26.48,26.59,26.139999,26.48,25.046616,2561300,Baa1,Downgrade
15/05/2015,26.450001,26.582001,25.9,25.93,24.526382,2266900,Baa1,Downgrade
18/05/2015,25.99,26.379999,25.889999,26.299999,24.876352,2182500,Baa1,Downgrade
19/05/2015,26.02,26.889999,25.940001,26.860001,25.40604,3279800,Baa1,Downgrade
20/05/2015,26.65,26.950001,26.639999,26.75,25.301998,3430900,Baa1,Downgrade
21/05/2015,26.76,26.91,26.459999,26.84,25.387123,5403600,Baa1,Downgrade
22/05/2015,26.83,26.99,26.700001,26.92,25.462797,3185400,Baa1,Downgrade
26/05/2015,26.870001,26.99,26.66,26.700001,25.254705,5930200,Baa1,Downgrade
27/05/2015,26.764999,26.92,26.59,26.77,25.320915,4423300,Baa1,Downgrade
28/05/2015,26.77,26.92,26.58,26.83,25.377666,3074900,Baa1,Downgrade
29/05/2015,26.889999,26.950001,26.565001,26.84,25.387123,11584700,Baa1,Downgrade
01/06/2015,26.91,27.025,26.719999,26.950001,25.491173,4060500,Baa1,Downgrade
02/06/2015,27,27.34,26.950001,27.190001,25.718182,3798500,Baa1,Downgrade
03/06/2015,27.290001,27.67,27.24,27.620001,26.124905,6359400,Baa1,Downgrade
04/06/2015,27.530001,27.870001,27.530001,27.75,26.247864,6119200,Baa1,Downgrade
05/06/2015,27.790001,28.35,27.299999,28.32,26.787014,7049800,Baa1,Downgrade
08/06/2015,28.389999,28.709999,28,28.040001,26.522171,11994700,Baa1,Downgrade
09/06/2015,28.01,28.09,27.299999,28.08,26.560003,8313400,Baa1,Downgrade
10/06/2015,28.200001,28.309999,27.83,28,26.484333,7645800,Baa1,Downgrade
11/06/2015,28.09,28.17,27.459999,27.52,26.030321,10332600,Baa1,Downgrade
12/06/2015,27.5,27.639999,27.33,27.540001,26.049234,8410200,Baa1,Downgrade
15/06/2015,27.370001,27.99,27.360001,27.91,26.399206,6176000,Baa1,Downgrade
16/06/2015,27.85,28.290001,27.73,28.25,26.7208,5020100,Baa1,Downgrade
17/06/2015,28.33,28.41,27.84,27.91,26.399206,6830800,Baa1,Downgrade
18/06/2015,28,28.120001,27.6,28.07,26.550545,6168300,Baa1,Downgrade
19/06/2015,28.120001,28.459999,28.02,28.190001,26.664047,29234700,Baa1,Downgrade
22/06/2015,28.389999,28.540001,28.17,28.27,26.739721,3695200,Baa1,Downgrade
23/06/2015,28.379999,28.530001,28.059999,28.190001,26.664047,5113400,Baa1,Downgrade
24/06/2015,28.1,28.32,27.985001,28.049999,26.531628,2675600,Baa1,Downgrade
25/06/2015,27.950001,28.040001,27.280001,27.379999,25.897898,5014800,Baa1,Downgrade
26/06/2015,27.370001,27.615,27.26,27.540001,26.049234,9588300,Baa1,Downgrade
29/06/2015,27.209999,27.389999,26.799999,26.93,25.472256,3022500,Baa1,Downgrade
30/06/2015,27.209999,27.870001,26.985001,27.309999,25.831682,5545300,Baa1,Downgrade
01/07/2015,27.530001,27.74,27.34,27.440001,25.954649,2837700,Baa1,Downgrade
02/07/2015,27.43,27.469999,26.92,27.15,25.680346,2158000,Baa1,Downgrade
06/07/2015,26.93,27.040001,26.67,27.01,25.547922,3392000,Baa1,Downgrade
07/07/2015,27.01,27.040001,26.440001,26.74,25.292538,3582600,Baa1,Downgrade
08/07/2015,26.58,26.709999,26.459999,26.639999,25.197952,3601900,Baa1,Downgrade
09/07/2015,26.91,27.030001,26.799999,26.98,25.519547,2196300,Baa1,Downgrade
10/07/2015,27.25,27.35,27.049999,27.299999,25.822226,1767500,Baa1,Downgrade
13/07/2015,27.5,27.700001,27.190001,27.25,25.774933,2075200,Baa1,Downgrade
14/07/2015,27.299999,27.58,27.23,27.549999,26.058695,3363200,Baa1,Downgrade
15/07/2015,27.75,28,27.620001,27.799999,26.295158,2356000,Baa1,Downgrade
16/07/2015,27.889999,28.15,27.709999,28.110001,26.588379,2239400,Baa1,Downgrade
17/07/2015,28.08,28.181999,27.84,27.91,26.399206,3126700,Baa1,Downgrade
20/07/2015,27.93,28.17,27.870001,27.959999,26.446503,4131700,Baa1,Downgrade
21/07/2015,26.530001,27.58,25.48,26.719999,25.273619,10366900,Baa1,Downgrade
22/07/2015,26.690001,27.254999,26.614,27.040001,25.576302,3829300,Baa1,Downgrade
23/07/2015,27.059999,27.299999,26.370001,26.450001,25.018238,3075000,Baa1,Downgrade
24/07/2015,26.48,26.65,26.120001,26.15,24.734474,1993900,Baa1,Downgrade
27/07/2015,26.02,26.129999,25.68,25.940001,24.535845,2544300,Baa1,Downgrade
28/07/2015,25.799999,26.360001,25.74,26.17,24.753391,5631600,Baa1,Downgrade
29/07/2015,26.1,26.33,26,26,24.592594,59753900,Baa1,Downgrade
30/07/2015,26.030001,26.629999,25.6,26.49,25.152813,17805600,Baa1,Downgrade
31/07/2015,26.559999,26.6,25.98,26.07,24.754015,9396400,Baa1,Downgrade
03/08/2015,26.18,26.5,26,26.030001,24.716034,6981500,Baa1,Downgrade
04/08/2015,26.049999,26.440001,25.9,26.27,24.943918,5120700,Baa1,Downgrade
05/08/2015,26.49,26.84,26.41,26.66,25.314232,6478800,Baa1,Downgrade
06/08/2015,26.77,26.84,26.43,26.65,25.304737,4042000,Baa1,Downgrade
07/08/2015,26.530001,26.82,26.309999,26.700001,25.352213,8972800,Baa1,Downgrade
10/08/2015,27.01,27.26,26.9,27.190001,25.817478,4443200,Baa1,Downgrade
11/08/2015,27,27.190001,26.700001,26.84,25.485142,4909300,Baa1,Downgrade
12/08/2015,26.780001,26.790001,25.74,26.030001,24.716034,6983100,Baa1,Downgrade
13/08/2015,26,26.299999,25.975,26.200001,24.877453,4317400,Baa1,Downgrade
14/08/2015,26.26,26.42,26.129999,26.379999,25.048365,1998500,Baa1,Downgrade
17/08/2015,26.309999,26.48,26.08,26.280001,24.953417,1746200,Baa1,Downgrade
18/08/2015,26.290001,26.58,26.190001,26.559999,25.219282,2415200,Baa1,Downgrade
19/08/2015,26.43,26.57,26.23,26.26,24.934422,4323000,Baa1,Downgrade
20/08/2015,26.049999,26.290001,25.33,25.33,24.051367,3193800,Baa1,Downgrade
21/08/2015,25.02,25.110001,24.57,24.57,23.329735,4203100,Baa1,Downgrade
24/08/2015,23.58,24.1,21.139999,23.030001,21.867474,8454800,Baa1,Downgrade
25/08/2015,23.799999,24.08,23.07,23.1,21.933937,5607800,Baa1,Downgrade
26/08/2015,24,24.450001,23.450001,24.190001,22.968916,6358500,Baa1,Downgrade
27/08/2015,24.65,24.99,24.370001,24.48,23.244276,5251700,Baa1,Downgrade
28/08/2015,24.67,24.885,24.370001,24.690001,23.443678,3096500,Baa1,Downgrade
31/08/2015,24.620001,24.940001,24.5,24.82,23.567112,3516100,Baa1,Downgrade
01/09/2015,24.469999,24.59,23.52,23.690001,22.494158,5046600,Baa1,Downgrade
02/09/2015,23.98,24.33,23.440001,24.129999,22.911947,5658400,Baa1,Downgrade
03/09/2015,24.299999,24.790001,24.209999,24.5,23.263266,3093800,Baa1,Downgrade
04/09/2015,24.24,24.43,23.959999,24.09,22.873964,2295000,Baa1,Downgrade
08/09/2015,24.6,24.629999,24.215,24.629999,23.386702,3484900,Baa1,Downgrade
09/09/2015,24.780001,24.99,24.365,24.4,23.168316,3948000,Baa1,Downgrade
10/09/2015,24.299999,24.636,24.219999,24.440001,23.206293,2010800,Baa1,Downgrade
11/09/2015,24.299999,24.540001,24.059999,24.32,23.092352,3544800,Baa1,Downgrade
14/09/2015,24.280001,24.67,24.25,24.41,23.177813,2459300,Baa1,Downgrade
15/09/2015,24.450001,25.139999,24.422001,25.030001,23.766516,2882000,Baa1,Downgrade
16/09/2015,24.93,25.059999,24.635,24.879999,23.624083,3541400,Baa1,Downgrade
17/09/2015,24.84,24.959999,23.68,24.040001,22.826488,5433100,Baa1,Downgrade
18/09/2015,23.690001,23.99,23.219999,23.75,22.551125,11004500,Baa1,Downgrade
21/09/2015,23.950001,24.139999,23.719999,23.9,22.693554,3422200,Baa1,Downgrade
22/09/2015,23.5,23.67,23.42,23.6,22.408697,2220000,Baa1,Downgrade
23/09/2015,23.75,23.790001,23.275,23.34,22.161823,3662100,Baa1,Downgrade
24/09/2015,23.059999,23.32,23,23.24,22.066866,3495100,Baa1,Downgrade
25/09/2015,23.629999,23.82,23.48,23.610001,22.418194,4083200,Baa1,Downgrade
28/09/2015,23.4,23.559999,22.6,22.629999,21.487661,5404800,Baa1,Downgrade
29/09/2015,22.76,23.440001,22.565001,23.219999,22.047878,5979200,Baa1,Downgrade
30/09/2015,23.66,25.23,23.389999,23.860001,22.655575,5606800,Baa1,Downgrade
01/10/2015,23.75,24.02,23.370001,23.5,22.313744,3214100,Baa1,Downgrade
02/10/2015,22.99,23.48,22.48,23.41,22.228289,7919400,Baa1,Downgrade
05/10/2015,23.639999,23.83,23.32,23.719999,22.522638,6639600,Baa1,Downgrade
06/10/2015,23.66,23.83,23.299999,23.360001,22.180811,3616500,Baa1,Downgrade
07/10/2015,23.52,23.565001,23.18,23.440001,22.256777,4528600,Baa1,Downgrade
08/10/2015,23.43,23.639999,23.24,23.52,22.332735,4248700,Baa1,Downgrade
09/10/2015,23.49,23.82,23.360001,23.459999,22.275766,3644200,Baa1,Downgrade
12/10/2015,23.459999,23.690001,23.389999,23.559999,22.370714,1948800,Baa1,Downgrade
13/10/2015,23.5,23.620001,23.379999,23.459999,22.275766,2278100,Baa1,Downgrade
14/10/2015,23.35,23.49,22.790001,22.91,21.753527,2973500,Baa1,Downgrade
15/10/2015,23.040001,23.59,22.940001,23.52,22.332735,3083900,Baa1,Downgrade
16/10/2015,23.620001,23.780001,23.219999,23.219999,22.047878,4212300,Baa1,Downgrade
19/10/2015,23.200001,23.49,23.030001,23.23,22.057375,3846700,Baa1,Downgrade
20/10/2015,23.23,23.6,23.16,23.389999,22.209301,3979800,Baa1,Downgrade
21/10/2015,23.48,23.865,23.17,23.17,22.000404,3909600,Baa1,Downgrade
22/10/2015,23.26,23.620001,22.870001,22.870001,21.715549,9977700,Baa1,Downgrade
23/10/2015,23.549999,24.299999,23.209999,24.219999,22.9974,9488000,Baa1,Downgrade
26/10/2015,24.25,24.49,23.559999,23.6,22.408697,4690000,Baa1,Downgrade
27/10/2015,23.42,23.799999,23.27,23.530001,22.342234,4038000,Baa1,Downgrade
28/10/2015,23.52,24.440001,23.52,24.18,22.959419,5537400,Baa1,Downgrade
29/10/2015,24.18,24.43,24.01,24.110001,22.892956,4353300,Baa1,Downgrade
30/10/2015,23.75,24.389999,23.73,24.299999,23.073362,50057600,Baa1,Downgrade
02/11/2015,24.58,24.700001,24.120001,24.450001,23.21579,14762900,Baa1,Downgrade
03/11/2015,24.459999,24.620001,24.139999,24.42,23.282528,6333800,Baa1,Downgrade
04/11/2015,24.549999,24.74,24.200001,24.530001,23.387407,11116700,Baa1,Downgrade
05/11/2015,24.469999,24.93,24.440001,24.610001,23.46368,10044600,Baa1,Downgrade
06/11/2015,25.469999,25.969999,25.120001,25.73,24.531509,16322300,Baa1,Downgrade
09/11/2015,25.73,26.049999,25.48,25.870001,24.664988,10013800,Baa1,Downgrade
10/11/2015,25.870001,26.09,25.77,26,24.788933,14272600,Baa1,Downgrade
11/11/2015,26,26.129999,25.889999,26.09,24.874741,6575500,Baa1,Downgrade
12/11/2015,25.75,25.950001,25.49,25.51,24.32176,8336200,Baa1,Downgrade
13/11/2015,25.49,25.6,25.219999,25.530001,24.340828,9834200,Baa1,Downgrade
16/11/2015,25.6,25.719999,25.27,25.68,24.483839,6910900,Baa1,Downgrade
17/11/2015,25.719999,25.91,25.52,25.6,24.407566,4455500,Baa1,Downgrade
18/11/2015,25.73,26.219999,25.610001,26.200001,24.979618,5740100,Baa1,Downgrade
19/11/2015,26.1,26.24,25.9,26.120001,24.903347,3415400,Baa1,Downgrade
20/11/2015,26.309999,26.309999,25.870001,26.02,24.808002,3096000,Baa1,Downgrade
23/11/2015,25.969999,26.18,25.67,25.74,24.541042,4369400,Baa1,Downgrade
24/11/2015,25.639999,26.15,25.51,26.129999,24.912878,4961100,Baa1,Downgrade
25/11/2015,26.129999,26.280001,25.937,26.26,25.036821,4382200,Baa1,Downgrade
27/11/2015,26.23,26.5,26.145,26.389999,25.160765,2250600,Baa1,Downgrade
30/11/2015,26.43,26.65,26.254999,26.629999,25.389589,9731800,Baa1,Downgrade
01/12/2015,26.809999,26.870001,26.280001,26.5,25.265646,6003100,Baa1,Downgrade
02/12/2015,26.75,26.860001,26.459999,26.639999,25.399124,10320000,Baa1,Downgrade
03/12/2015,26.83,26.84,26.379999,26.469999,25.237041,10031700,Baa1,Downgrade
04/12/2015,26.690001,27.139999,26.459999,27.120001,25.856766,5481300,Baa1,Downgrade
07/12/2015,27.1,27.17,26.365,26.51,25.275179,5337900,Baa1,Downgrade
08/12/2015,26.25,26.549999,26.09,26.41,25.179836,4656400,Baa1,Downgrade
09/12/2015,26.33,26.74,25.790001,26.1,24.884275,6760600,Baa1,Downgrade
10/12/2015,26.1,26.57,26.040001,26.299999,25.074959,3559700,Baa1,Downgrade
11/12/2015,25.959999,26.17,25.370001,25.610001,24.417105,6501300,Baa1,Downgrade
14/12/2015,25.74,25.959999,25.4,25.719999,24.521976,5117900,Baa1,Downgrade
15/12/2015,26.18,26.700001,26.040001,26.540001,25.303778,5445300,Baa1,Downgrade
16/12/2015,26.75,27.02,25.93,26.91,25.656546,9247000,Baa1,Downgrade
17/12/2015,26.91,27.08,26.424999,26.48,25.246578,5395000,Baa1,Downgrade
18/12/2015,26.389999,26.450001,25.84,25.9,24.69359,10143900,Baa1,Downgrade
21/12/2015,26.139999,26.34,25.731001,26.030001,24.817537,4147900,Baa1,Downgrade
22/12/2015,26.16,26.459999,25.700001,26.25,25.027287,5388300,Baa1,Downgrade
23/12/2015,26.35,26.540001,26.17,26.52,25.284712,3890900,Baa1,Downgrade
24/12/2015,26.450001,26.68,26.370001,26.6,25.360985,1072600,Baa1,Downgrade
28/12/2015,26.440001,26.469999,26.08,26.41,25.179836,2221300,Baa1,Downgrade
29/12/2015,26.540001,26.805,26.49,26.620001,25.380054,2872000,Baa1,Downgrade
30/12/2015,26.49,26.66,26.26,26.299999,25.074959,2062900,Baa1,Downgrade
31/12/2015,26.219999,26.49,26.139999,26.190001,24.970081,2307000,Baa1,Downgrade
04/01/2016,25.709999,25.99,25.455,25.799999,24.598249,5598700,Baa1,Downgrade
05/01/2016,25.77,25.950001,25.52,25.68,24.483839,6389300,Baa1,Downgrade
06/01/2016,25.299999,25.530001,25.15,25.280001,24.10247,5418800,Baa1,Downgrade
07/01/2016,24.790001,24.915001,24.299999,24.59,23.444613,4976700,Baa1,Downgrade
08/01/2016,24.809999,24.879999,23.66,23.82,22.710476,10583700,Baa1,Downgrade
11/01/2016,24.18,24.24,23.67,23.9,22.786751,6954500,Baa1,Downgrade
12/01/2016,24.1,24.15,23.59,23.9,22.786751,7081700,Baa1,Downgrade
13/01/2016,24.08,24.15,22.955,23.219999,22.138424,8078100,Baa1,Downgrade
14/01/2016,23.34,23.379999,22.6,22.9,21.833328,9374000,Baa1,Downgrade
15/01/2016,22.190001,22.469999,21.700001,22.32,21.280348,12940800,Baa1,Downgrade
19/01/2016,22.6,22.705,22.040001,22.23,21.194536,9794300,Baa1,Downgrade
20/01/2016,21.870001,21.969999,21,21.6,20.593884,11155900,Baa1,Downgrade
21/01/2016,21.629999,21.84,21.125,21.33,20.336458,9819600,Baa1,Downgrade
22/01/2016,21.65,21.799999,19.75,20.780001,19.81208,23182200,Baa1,Downgrade
25/01/2016,20.780001,20.915001,19.73,19.790001,18.868193,12599300,Baa1,Downgrade
26/01/2016,19.969999,20.57,19.969999,20.290001,19.3449,16111400,Baa1,Downgrade
27/01/2016,20.98,21.610001,20.799999,21.209999,20.222048,33935400,Baa1,Downgrade
28/01/2016,21.5,21.85,21.139999,21.74,20.727364,21317800,Baa1,Downgrade
29/01/2016,21.879999,21.950001,21.25,21.25,20.260185,94875300,Baa1,Downgrade
01/02/2016,21.110001,21.209999,20.559999,20.780001,19.81208,10617700,Baa1,Downgrade
02/02/2016,20.51,20.620001,20.08,20.209999,19.361803,12990500,Baa1,Downgrade
03/02/2016,20.27,20.305,19.25,20.049999,19.208519,14336100,Baa1,Downgrade
04/02/2016,20.040001,20.549999,19.889999,20.23,19.380964,9238300,Baa1,Downgrade
05/02/2016,20.26,20.620001,19.76,19.85,19.016912,8105900,Baa1,Downgrade
08/02/2016,19.52,19.74,18.950001,19.200001,18.394196,10227000,Baa1,Downgrade
09/02/2016,18.93,19.610001,18.889999,19.549999,18.729504,9425100,Baa1,Downgrade
10/02/2016,19.629999,19.76,18.795,18.860001,18.068462,10445600,Baa1,Downgrade
11/02/2016,18.450001,18.65,18.040001,18.139999,17.378681,8392700,Baa1,Downgrade
12/02/2016,18.6,18.99,18.32,18.889999,18.097202,9360800,Baa1,Downgrade
16/02/2016,19.15,19.754999,18.9,19.360001,18.547476,8897700,Baa1,Downgrade
17/02/2016,19.59,20.25,19.450001,19.65,18.825306,9440400,Baa1,Downgrade
18/02/2016,19.67,19.809999,18.959999,19.110001,18.307972,7980000,Baa1,Downgrade
19/02/2016,19.110001,19.299999,18.885,19.24,18.432514,4536100,Baa1,Downgrade
22/02/2016,19.57,19.82,19.440001,19.799999,18.969011,4789700,Baa1,Downgrade
23/02/2016,19.73,19.809999,19.094999,19.370001,18.557058,6184400,Baa1,Downgrade
24/02/2016,19,19.16,18.775,19,18.202589,5749500,Baa1,Downgrade
25/02/2016,19.02,19.219999,18.83,19.18,18.375032,6750600,Baa1,Downgrade
26/02/2016,19.299999,20.110001,18.99,19.74,18.91153,11218600,Baa1,Downgrade
29/02/2016,19.66,19.799999,19.18,19.23,18.422935,4248100,Baa1,Downgrade
01/03/2016,19.33,20.280001,19.315001,20.27,19.419287,7856800,Baa1,Downgrade
02/03/2016,20.24,21.094999,20.16,20.959999,20.080326,8907100,Baa1,Downgrade
03/03/2016,20.85,21.559999,20.82,21.440001,20.54018,8726800,Baa1,Downgrade
04/03/2016,21.639999,22.23,21.584999,21.93,21.009617,7150200,Baa1,Downgrade
07/03/2016,21.700001,21.860001,21.41,21.530001,20.626404,6164000,Baa1,Downgrade
08/03/2016,21.26,21.26,20.530001,20.92,20.042006,9761900,Baa1,Downgrade
09/03/2016,21.1,21.23,20.559999,20.700001,19.831238,5653000,Baa1,Downgrade
10/03/2016,20.879999,21.23,20.58,21.01,20.128229,5182200,Baa1,Downgrade
11/03/2016,21.34,21.934999,21.290001,21.91,20.990454,5958900,Baa1,Downgrade
14/03/2016,21.809999,22.16,21.6,22.09,21.162905,4860800,Baa1,Downgrade
15/03/2016,21.82,22.219999,21.629999,22.190001,21.258707,5750100,Baa1,Downgrade
16/03/2016,22.01,22.549999,21.58,21.610001,20.703047,8255800,Baa1,Downgrade
17/03/2016,21.5,21.815001,21.129999,21.73,20.81801,7425100,Baa1,Downgrade
18/03/2016,21.93,22.24,21.76,22.08,21.153318,10236600,Baa1,Downgrade
21/03/2016,22.110001,22.25,21.73,22,21.076679,3721900,Baa1,Downgrade
22/03/2016,21.860001,22.07,21.559999,21.93,21.009617,3745800,Baa1,Downgrade
23/03/2016,21.93,21.965,21.549999,21.690001,20.779688,3020100,Baa1,Downgrade
24/03/2016,21.440001,21.700001,21.219999,21.59,20.683886,3906500,Baa1,Downgrade
28/03/2016,21.67,21.73,21.27,21.389999,20.492281,3613000,Baa1,Downgrade
29/03/2016,21.23,21.379999,20.790001,21.200001,20.310257,5991200,Baa1,Downgrade
30/03/2016,21.209999,21.355,20.98,21.25,20.358158,6099700,Baa1,Downgrade
31/03/2016,21.200001,21.209999,20.74,20.950001,20.070745,4954800,Baa1,Downgrade
01/04/2016,20.92,21.379999,20.629999,21.35,20.453959,4556800,Baa1,Downgrade
04/04/2016,21.299999,21.65,21.115,21.51,20.607244,4721700,Baa1,Downgrade
05/04/2016,21.280001,21.344999,20.690001,20.76,19.888721,6993200,Baa1,Downgrade
06/04/2016,20.74,21.360001,20.549999,21.34,20.444378,6613200,Baa1,Downgrade
07/04/2016,21.120001,21.25,20.530001,20.790001,19.917461,6302300,Baa1,Downgrade
08/04/2016,20.959999,21.35,20.780001,20.870001,19.994104,5449600,Baa1,Downgrade
11/04/2016,21.030001,21.450001,21.02,21.040001,20.156975,2854300,Baa1,Downgrade
12/04/2016,21.16,21.545,21.139999,21.51,20.607244,4139600,Baa1,Downgrade
13/04/2016,21.75,22.74,21.66,22.6,21.651499,6202600,Baa1,Downgrade
14/04/2016,22.58,23.280001,22.450001,22.82,21.862263,5938000,Baa1,Downgrade
15/04/2016,22.77,22.879999,22.41,22.549999,21.603596,5015500,Baa1,Downgrade
18/04/2016,22.4,22.77,22.25,22.719999,21.766462,3603500,Baa1,Downgrade
19/04/2016,22.73,23.375,22.73,23.1,22.130512,8795800,Baa1,Downgrade
20/04/2016,23.129999,23.43,22.99,23.360001,22.379601,7534500,Baa1,Downgrade
21/04/2016,23.74,24.24,23.48,23.530001,22.542467,8222300,Baa1,Downgrade
22/04/2016,23.620001,23.77,23.48,23.620001,22.628691,5180600,Baa1,Downgrade
25/04/2016,23.58,23.629999,23.129999,23.379999,22.39876,3325900,Baa1,Downgrade
26/04/2016,23.48,23.645,23.33,23.549999,22.561626,4065900,Baa1,Downgrade
27/04/2016,23.52,23.83,23.344999,23.620001,22.628691,4806500,Baa1,Downgrade
28/04/2016,23.4,23.65,23.135,23.24,22.264637,3265900,Baa1,Downgrade
29/04/2016,23.08,23.26,22.709999,22.85,21.891005,5315000,Baa1,Downgrade
02/05/2016,22.84,23.09,22.57,23.059999,22.208824,3123000,Baa1,Downgrade
03/05/2016,22.68,22.75,22.290001,22.51,21.679127,3869200,Baa1,Downgrade
04/05/2016,22.25,22.34,21.635,21.99,21.178318,5197500,Baa1,Downgrade
05/05/2016,22,22.200001,21.780001,22.110001,21.293892,4871200,Baa1,Downgrade
06/05/2016,21.91,22.219999,21.77,22.09,21.274628,3713900,Baa1,Downgrade
09/05/2016,22.030001,22.219999,21.83,21.85,21.043488,2712400,Baa1,Downgrade
10/05/2016,21.940001,22.52,21.82,22.360001,21.53466,10159300,Baa1,Downgrade
11/05/2016,22.360001,22.629999,22.190001,22.200001,21.380569,3672600,Baa1,Downgrade
12/05/2016,22.360001,22.469999,21.6,21.76,20.95681,5748800,Baa1,Downgrade
13/05/2016,22,22.219999,21.25,21.4,20.610098,6519600,Baa1,Downgrade
16/05/2016,21.42,21.9,21.299999,21.709999,20.908657,4284700,Baa1,Downgrade
17/05/2016,21.59,22.09,21.459999,21.82,21.014593,4167700,Baa1,Downgrade
18/05/2016,21.74,23.139999,21.74,23.129999,22.276237,9873100,Baa1,Downgrade
19/05/2016,22.940001,23.485001,22.620001,22.9,22.054728,4818800,Baa1,Downgrade
20/05/2016,22.99,23.41,22.860001,22.98,22.131777,3933200,Baa1,Downgrade
23/05/2016,22.969999,23.110001,22.719999,22.969999,22.122149,2941400,Baa1,Downgrade
24/05/2016,23.120001,23.57,23.030001,23.25,22.391809,3165600,Baa1,Downgrade
25/05/2016,23.4,23.855,23.26,23.690001,22.815571,6771500,Baa1,Downgrade
26/05/2016,23.68,23.709999,23.27,23.35,22.488123,4600700,Baa1,Downgrade
27/05/2016,23.43,23.620001,23.26,23.59,22.719261,3513500,Baa1,Downgrade
31/05/2016,23.76,23.809999,23.35,23.549999,22.680737,6726900,Baa1,Downgrade
01/06/2016,23.280001,23.709999,22.959999,23.6,22.728895,3952200,Baa1,Downgrade
02/06/2016,23.549999,23.879999,23.290001,23.83,22.950403,3508100,Baa1,Downgrade
03/06/2016,22.83,23.23,22.52,23.139999,22.285873,7799800,Baa1,Downgrade
06/06/2016,23.24,23.67,23.15,23.469999,22.603691,5449800,Baa1,Downgrade
07/06/2016,23.459999,23.700001,23.32,23.48,22.613323,3722500,Baa1,Downgrade
08/06/2016,23.49,23.690001,23.360001,23.459999,22.594059,3343100,Baa1,Downgrade
09/06/2016,23.26,23.26,22.809999,22.879999,22.035469,4449100,Baa1,Downgrade
10/06/2016,22.549999,22.690001,22.27,22.459999,21.630972,4677600,Baa1,Downgrade
13/06/2016,22.309999,22.719999,22.049999,22.08,21.264997,5179700,Baa1,Downgrade
14/06/2016,22.01,22.18,20.940001,21.309999,20.52342,8924700,Baa1,Downgrade
15/06/2016,21.440001,21.84,21.299999,21.360001,20.571575,6084900,Baa1,Downgrade
16/06/2016,21.16,21.190001,20.83,20.940001,20.167076,4987500,Baa1,Downgrade
17/06/2016,21,21.235001,20.92,21.1,20.321171,9968000,Baa1,Downgrade
20/06/2016,21.530001,21.82,21.25,21.309999,20.52342,6019400,Baa1,Downgrade
21/06/2016,21.33,21.59,21.059999,21.549999,20.754559,6220000,Baa1,Downgrade
22/06/2016,21.52,21.82,21.34,21.370001,20.581203,4140200,Baa1,Downgrade
23/06/2016,21.75,22.129999,21.690001,22.120001,21.303522,5342800,Baa1,Downgrade
24/06/2016,20.469999,20.82,19.950001,19.950001,19.213621,21596300,Baa1,Downgrade
27/06/2016,19.559999,19.559999,18.34,18.440001,17.759354,13059000,Baa1,Downgrade
28/06/2016,18.91,19.280001,18.615,18.969999,18.269791,23334900,Baa1,Downgrade
29/06/2016,19.25,19.59,18.860001,19.52,18.79949,8301000,Baa1,Downgrade
30/06/2016,19.77,20.120001,19.629999,19.98,19.242514,10744100,Baa1,Downgrade
01/07/2016,19.879999,19.91,19.379999,19.65,18.92469,5723900,Baa1,Downgrade
05/07/2016,19.309999,19.34,18.73,18.9,18.202374,5693200,Baa1,Downgrade
06/07/2016,18.65,19.01,18.58,18.99,18.289053,7896000,Baa1,Downgrade
07/07/2016,18.99,19.440001,18.99,19.42,18.703184,8135200,Baa1,Downgrade
08/07/2016,19.790001,20.01,19.525,19.85,19.117308,8867100,Baa1,Downgrade
11/07/2016,20.030001,20.225,19.940001,20.120001,19.377344,4953400,Baa1,Downgrade
12/07/2016,20.450001,20.690001,20.360001,20.440001,19.685534,6519500,Baa1,Downgrade
13/07/2016,20.370001,20.605,20.209999,20.559999,19.801102,3949200,Baa1,Downgrade
14/07/2016,21,21.360001,20.82,20.99,20.215231,4670500,Baa1,Downgrade
15/07/2016,21.139999,21.27,20.950001,20.98,20.205601,5157300,Baa1,Downgrade
18/07/2016,20.940001,21.08,20.74,20.98,20.205601,8284900,Baa1,Downgrade
19/07/2016,20.77,21.18,20.77,21.030001,20.253756,5204800,Baa1,Downgrade
20/07/2016,21.059999,21.530001,20.84,21.32,20.533051,8471000,Baa1,Downgrade
21/07/2016,22.26,22.5,21.514999,21.68,20.879765,12955900,Baa1,Downgrade
22/07/2016,21.75,22,21.610001,21.799999,20.995333,6390700,Baa1,Downgrade
25/07/2016,21.74,22.07,21.74,22.030001,21.216843,5910700,Baa1,Downgrade
26/07/2016,21.99,22.559999,21.91,22.49,21.659863,6197800,Baa1,Downgrade
27/07/2016,22.469999,22.75,22.25,22.58,21.746542,8846600,Baa1,Downgrade
28/07/2016,22.549999,22.73,22.305,22.450001,21.62134,6201300,Baa1,Downgrade
29/07/2016,22.370001,22.73,22.280001,22.33,21.50577,4011700,Baa1,Downgrade
01/08/2016,22.25,22.525,22.120001,22.200001,21.49609,4848100,Baa1,Downgrade
02/08/2016,22.16,22.440001,21.92,22.049999,21.350843,5918500,Baa1,Downgrade
03/08/2016,22.07,22.48,22,22.459999,21.747843,4841300,Baa1,Downgrade
04/08/2016,22.450001,22.725,22.450001,22.610001,21.893085,5899400,Baa1,Downgrade
05/08/2016,22.950001,23.450001,22.860001,23.389999,22.648355,7331000,Baa1,Downgrade
08/08/2016,23.49,23.690001,23.379999,23.450001,22.706453,5396500,Baa1,Downgrade
09/08/2016,23.379999,23.59,23.280001,23.49,22.745184,5153000,Baa1,Downgrade
10/08/2016,23.450001,23.530001,23.16,23.25,22.512793,3478400,Baa1,Downgrade
11/08/2016,23.290001,23.52,23.148001,23.4,22.658035,3683800,Baa1,Downgrade
12/08/2016,23.219999,23.290001,22.959999,23.27,22.53216,3080100,Baa1,Downgrade
15/08/2016,23.42,23.68,23.35,23.540001,22.793598,4491000,Baa1,Downgrade
16/08/2016,23.35,23.665001,23.320999,23.389999,22.648355,4756500,Baa1,Downgrade
17/08/2016,23.32,23.540001,23.319,23.440001,22.69677,4241700,Baa1,Downgrade
18/08/2016,23.459999,23.594999,23.32,23.389999,22.648355,3797000,Baa1,Downgrade
19/08/2016,23.309999,23.620001,23.200001,23.58,22.832331,2948800,Baa1,Downgrade
22/08/2016,23.559999,23.620001,23.370001,23.5,22.754868,3139100,Baa1,Downgrade
23/08/2016,23.629999,23.76,23.504999,23.530001,22.78392,4698200,Baa1,Downgrade
24/08/2016,23.58,23.75,23.43,23.49,22.745184,4032600,Baa1,Downgrade
25/08/2016,23.469999,23.695,23.370001,23.639999,22.890429,2293600,Baa1,Downgrade
26/08/2016,23.700001,24.16,23.639999,24.120001,23.355209,6155000,Baa1,Downgrade
29/08/2016,24.200001,24.690001,24.18,24.459999,23.684429,6623600,Baa1,Downgrade
30/08/2016,24.459999,24.809999,24.08,24.73,23.945864,4555300,Baa1,Downgrade
31/08/2016,24.75,24.799999,24.424999,24.77,23.984598,6701900,Baa1,Downgrade
01/09/2016,24.860001,24.959999,24.295,24.52,23.742527,4631200,Baa1,Downgrade
02/09/2016,24.59,24.875,24.41,24.68,23.897449,4892100,Baa1,Downgrade
06/09/2016,24.67,24.73,24.165001,24.299999,23.529499,4998300,Baa1,Downgrade
07/09/2016,24.24,24.643,24.15,24.57,23.790941,3645400,Baa1,Downgrade
08/09/2016,24.620001,24.940001,24.504999,24.92,24.129841,4233900,Baa1,Downgrade
09/09/2016,24.73,25.07,24.700001,24.809999,24.023331,7103200,Baa1,Downgrade
12/09/2016,24.6,25.110001,24.33,25.07,24.275084,6584000,Baa1,Downgrade
13/09/2016,24.719999,24.790001,24.219999,24.620001,23.839355,6656600,Baa1,Downgrade
14/09/2016,24.610001,24.82,24.35,24.4,23.626331,4671200,Baa1,Downgrade
15/09/2016,24.309999,24.620001,24.26,24.48,23.703793,5107800,Baa1,Downgrade
16/09/2016,24.26,24.32,23.940001,24.1,23.335844,8753900,Baa1,Downgrade
19/09/2016,24.27,24.530001,24.110001,24.190001,23.422991,4020900,Baa1,Downgrade
20/09/2016,24.389999,24.450001,23.975,24.17,23.403622,4080300,Baa1,Downgrade
21/09/2016,24.35,24.535,24.08,24.309999,23.539183,3832600,Baa1,Downgrade
22/09/2016,24.389999,24.495001,24.16,24.24,23.471401,4438100,Baa1,Downgrade
23/09/2016,24.16,24.565001,24.110001,24.41,23.636011,4935700,Baa1,Downgrade
26/09/2016,24.190001,24.27,23.84,23.959999,23.200281,4708100,Baa1,Downgrade
27/09/2016,23.9,24.33,23.809999,24.309999,23.539183,3868500,Baa1,Downgrade
28/09/2016,24.309999,24.469999,23.889999,24.41,23.636011,8700300,Baa1,Downgrade
29/09/2016,24.469999,24.59,23.84,24.049999,23.287428,5070200,Baa1,Downgrade
30/09/2016,24.280001,24.82,24.120001,24.709999,23.926502,6661500,Baa1,Downgrade
03/10/2016,24.57,24.719999,24.42,24.6,23.819992,3174200,Baa1,Downgrade
04/10/2016,24.67,25.34,24.639999,24.99,24.197624,5959300,Baa1,Downgrade
05/10/2016,25.15,25.68,25.049999,25.57,24.759232,5297800,Baa1,Downgrade
06/10/2016,25.59,25.790001,25.33,25.690001,24.875429,3921100,Baa1,Downgrade
07/10/2016,25.700001,25.799999,25.219999,25.5,24.691452,4944000,Baa1,Downgrade
10/10/2016,25.790001,25.909,25.49,25.540001,24.730185,3127600,Baa1,Downgrade
11/10/2016,25.540001,25.76,24.83,24.959999,24.168573,7271500,Baa1,Downgrade
12/10/2016,24.99,25.485001,24.950001,25.25,24.449377,4079400,Baa1,Downgrade
13/10/2016,24.940001,24.955,24.219999,24.52,23.742527,4791900,Baa1,Downgrade
14/10/2016,24.92,25.1,24.610001,24.790001,24.003965,3596500,Baa1,Downgrade
17/10/2016,24.84,25,24.434999,24.58,23.800621,3493800,Baa1,Downgrade
18/10/2016,24.93,24.950001,24.559999,24.85,24.062063,3358200,Baa1,Downgrade
19/10/2016,24.93,25.405001,24.93,25.299999,24.497793,3578900,Baa1,Downgrade
20/10/2016,25.190001,25.74,25.139999,25.549999,24.739866,6624300,Baa1,Downgrade
21/10/2016,25.68,26.09,25.5,25.969999,25.146549,4308400,Baa1,Downgrade
24/10/2016,26.360001,26.49,26.17,26.35,25.514502,5127100,Baa1,Downgrade
25/10/2016,26.4,26.545,26.190001,26.459999,25.621012,4255900,Baa1,Downgrade
26/10/2016,26.370001,26.870001,26.34,26.870001,26.018015,4994900,Baa1,Downgrade
27/10/2016,27.059999,27.209999,26.77,26.870001,26.018015,5738000,Baa1,Downgrade
28/10/2016,26.870001,26.889999,26.209999,26.35,25.514502,7858900,Baa1,Downgrade
31/10/2016,26.379999,26.540001,26.25,26.34,25.621502,5903400,Baa1,Downgrade
01/11/2016,26.52,26.85,26.34,26.84,26.107861,7868800,Baa1,Downgrade
02/11/2016,26.629999,26.66,25.870001,26.1,25.388048,7557200,Baa1,Downgrade
03/11/2016,26.26,26.504999,26.155001,26.27,25.553411,4931000,Baa1,Downgrade
04/11/2016,26.26,26.76,25.975,26.41,25.68959,3643500,Baa1,Downgrade
07/11/2016,26.940001,27.370001,26.940001,27.35,26.603949,5132500,Baa1,Downgrade
08/11/2016,26.82,27.155001,26.459999,26.950001,26.214861,5122300,Baa1,Downgrade
09/11/2016,27.290001,28.440001,27.200001,28.200001,27.430763,12784900,Baa1,Downgrade
10/11/2016,28.66,30,28.66,29.6,28.792572,12026100,Baa1,Downgrade
11/11/2016,29.42,30,29.049999,29.85,29.035755,16252800,Baa1,Downgrade
14/11/2016,30.129999,31.01,30.084999,30.879999,30.037657,14632800,Baa1,Downgrade
15/11/2016,30.5,31.165001,30.09,30.940001,30.096022,10089900,Baa1,Downgrade
16/11/2016,30.35,30.790001,30.26,30.73,29.891748,7459000,Baa1,Downgrade
17/11/2016,30.73,31.799999,30.690001,31.73,30.864473,9743700,Baa1,Downgrade
18/11/2016,31.809999,32.134998,31.65,31.969999,31.097925,8228300,Baa1,Downgrade
21/11/2016,32.23,32.23,31.700001,31.93,31.059019,4587300,Baa1,Downgrade
22/11/2016,32.169998,32.259998,31.775,31.92,31.04929,8293900,Baa1,Downgrade
23/11/2016,31.99,32.630001,31.82,32.400002,31.516201,5667700,Baa1,Downgrade
25/11/2016,32.389999,32.459999,32.25,32.459999,31.57456,1507000,Baa1,Downgrade
28/11/2016,32.139999,32.360001,31.690001,31.780001,30.913109,5531000,Baa1,Downgrade
29/11/2016,31.959999,32.584999,31.860001,32.389999,31.506466,5712900,Baa1,Downgrade
30/11/2016,33.049999,33.700001,33.049999,33.509998,32.595917,7345100,Baa1,Downgrade
01/12/2016,33.869999,34.91,33.830002,34.380001,33.442188,7613600,Baa1,Downgrade
02/12/2016,34.540001,34.540001,33.810001,34.150002,33.21846,5881800,Baa1,Downgrade
05/12/2016,34.549999,34.75,33.889999,34.150002,33.21846,6612000,Baa1,Downgrade
06/12/2016,34.610001,34.810001,34.220001,34.700001,33.753456,4585300,Baa1,Downgrade
07/12/2016,34.73,35.080002,34.125,35.060001,34.103634,6267200,Baa1,Downgrade
08/12/2016,35.369999,35.75,34.759998,35.540001,34.570545,6598600,Baa1,Downgrade
09/12/2016,35.540001,35.59,34.869999,35.509998,34.541359,4745900,Baa1,Downgrade
12/12/2016,35.080002,35.689999,34.759998,35.009998,34.055,4836100,Baa1,Downgrade
13/12/2016,35.150002,35.200001,34.130001,34.799999,33.850727,6048200,Baa1,Downgrade
14/12/2016,34.43,35.810001,34.16,34.630001,33.685368,7098400,Baa1,Downgrade
15/12/2016,35.119999,35.810001,34.580002,35.400002,34.434364,6350200,Baa1,Downgrade
16/12/2016,35.709999,36.049999,35.119999,35.32,34.356548,12770200,Baa1,Downgrade
19/12/2016,35.299999,35.419998,34.861,35.369999,34.405178,5258300,Baa1,Downgrade
20/12/2016,35.720001,36.130001,35.580002,36.080002,35.09581,3430700,Baa1,Downgrade
21/12/2016,36.049999,36.099998,35.695,36.02,35.037449,2900300,Baa1,Downgrade
22/12/2016,36.02,36.16,35.860001,36,35.017994,3788100,Baa1,Downgrade
23/12/2016,36.02,36.330002,35.91,36.330002,35.338997,1896100,Baa1,Downgrade
27/12/2016,36.389999,36.560001,36.169998,36.459999,35.465443,1935800,Baa1,Downgrade
28/12/2016,36.48,36.519001,35.880001,36,35.017994,2837800,Baa1,Downgrade
29/12/2016,35.950001,36.02,35.235001,35.279999,34.317631,3746200,Baa1,Downgrade
30/12/2016,35.34,35.669998,35.150002,35.630001,34.658085,3394300,Baa1,Downgrade
03/01/2017,36.439999,37.080002,35.560001,35.860001,34.881817,5045900,Baa1,Downgrade
04/01/2017,36.029999,36.25,35.830002,36.169998,35.183353,4354900,Baa1,Downgrade
05/01/2017,36.02,36.255001,35.224998,35.720001,34.745636,3725200,Baa1,Downgrade
06/01/2017,35.91,36.080002,35.709999,35.91,34.93045,3623500,Baa1,Downgrade
09/01/2017,35.630001,35.830002,35.150002,35.68,34.706726,3035600,Baa1,Downgrade
10/01/2017,35.880001,36.369999,35.799999,36.279999,35.290356,3730400,Baa1,Downgrade
11/01/2017,36.169998,36.369999,35.84,36.27,35.280632,4273300,Baa1,Downgrade
12/01/2017,36.099998,36.139999,35.165001,35.919998,34.940178,3961600,Baa1,Downgrade
13/01/2017,36.200001,36.98,35.900002,36.290001,35.300083,5200800,Baa1,Downgrade
17/01/2017,35.830002,35.91,33.970001,34.119999,33.189274,8471100,Baa1,Downgrade
18/01/2017,34.360001,35.02,33.799999,34.990002,34.035553,6386100,Baa1,Downgrade
19/01/2017,34.93,35.424999,34.41,34.73,33.782635,5737300,Baa1,Downgrade
20/01/2017,35.560001,36.18,35.299999,35.82,34.842907,8164500,Baa1,Downgrade
23/01/2017,35.599998,35.970001,35.380001,35.889999,34.910995,4893700,Baa1,Downgrade
24/01/2017,35.959999,36.41,35.875,36.299999,35.309811,6052500,Baa1,Downgrade
25/01/2017,36.759998,37.540001,36.673,37.52,36.496536,5714200,Baa1,Downgrade
26/01/2017,37.509998,37.950001,37.209999,37.540001,36.515984,4795700,Baa1,Downgrade
27/01/2017,37.43,37.48,36.869999,36.990002,35.980991,4278600,Baa1,Downgrade
30/01/2017,36.540001,36.759998,35.900002,36.529999,35.533535,4981900,Baa1,Downgrade
31/01/2017,36.330002,36.869999,35.869999,36.169998,35.318714,4774900,Baa1,Downgrade
01/02/2017,36.540001,37.16,36.384998,36.490002,35.631184,4795900,Baa1,Downgrade
02/02/2017,36.189999,36.220001,35.650002,36.040001,35.191776,4355900,Baa1,Downgrade
03/02/2017,36.810001,36.904999,36.360001,36.790001,35.924126,3873300,Baa1,Downgrade
06/02/2017,36.310001,36.919998,36.209999,36.470001,35.611656,4633600,Baa1,Downgrade
07/02/2017,36.599998,36.810001,36.325001,36.59,35.728828,3815800,Baa1,Downgrade
08/02/2017,36.25,36.279999,35.240002,35.349998,34.518017,8451800,Baa1,Downgrade
09/02/2017,35.349998,36.275002,35.209999,36.240002,35.38707,5731000,Baa1,Downgrade
10/02/2017,36.150002,36.529999,36.09,36.419998,35.562824,3283800,Baa1,Downgrade
13/02/2017,36.810001,37.200001,36.709999,36.919998,36.051056,3506200,Baa1,Downgrade
14/02/2017,36.919998,38.07,36.77,37.98,37.086117,5142900,Baa1,Downgrade
15/02/2017,38.099998,38.43,37.759998,38.369999,37.466934,3840400,Baa1,Downgrade
16/02/2017,38.110001,38.395,37.98,38.25,37.349762,2756900,Baa1,Downgrade
17/02/2017,37.720001,37.84,37.450001,37.84,36.949413,5495900,Baa1,Downgrade
21/02/2017,38.009998,38.23,37.615002,38.049999,37.154469,4622400,Baa1,Downgrade
22/02/2017,37.810001,37.939999,37.509998,37.669998,36.783413,5247700,Baa1,Downgrade
23/02/2017,37.84,37.860001,36.77,37.25,36.373302,5960200,Baa1,Downgrade
24/02/2017,36.75,37.16,36.459999,36.650002,35.787418,7559300,Baa1,Downgrade
27/02/2017,36.77,37.259998,36.66,37.189999,36.314713,4015400,Baa1,Downgrade
28/02/2017,37,37.435001,36.82,37.369999,36.490475,4450200,Baa1,Downgrade
01/03/2017,38.419998,39.75,38.34,39.59,38.658222,7133700,Baa1,Downgrade
02/03/2017,39.68,39.740002,38.009998,38.049999,37.154469,5930200,Baa1,Downgrade
03/03/2017,38.240002,38.529999,38.130001,38.310001,37.408352,4489400,Baa1,Downgrade
06/03/2017,38.07,38.450001,37.75,38.27,37.369293,2723000,Baa1,Downgrade
07/03/2017,38.220001,38.349998,37.759998,37.970001,37.076355,2628300,Baa1,Downgrade
08/03/2017,38.57,38.639999,37.77,37.849998,36.959175,3445600,Baa1,Downgrade
09/03/2017,37.990002,38.259998,37.540001,37.73,36.841999,2948900,Baa1,Downgrade
10/03/2017,38.060001,38.139999,36.970001,37.639999,36.75412,4473000,Baa1,Downgrade
13/03/2017,37.59,37.869999,37.289001,37.369999,36.490475,4176300,Baa1,RATING AFFIRMATION
14/03/2017,37.200001,37.259998,36.73,37.189999,36.314713,3378100,Baa1,RATING AFFIRMATION
15/03/2017,37.400002,37.630001,36.650002,36.779999,35.914356,5340000,Baa1,RATING AFFIRMATION
16/03/2017,37.060001,37.310001,36.77,37.099998,36.22683,3363700,Baa1,RATING AFFIRMATION
17/03/2017,37.049999,37.200001,36.419998,36.619999,35.758121,13510100,Baa1,RATING AFFIRMATION
20/03/2017,36.5,36.650002,36.099998,36.23,35.377304,5881900,Baa1,RATING AFFIRMATION
21/03/2017,36.52,36.610001,34.209999,34.360001,33.551319,7594800,Baa1,RATING AFFIRMATION
22/03/2017,34.119999,34.900002,33.450001,34.43,33.619667,7066700,Baa1,RATING AFFIRMATION
23/03/2017,34.299999,35.27,34.060001,34.57,33.756371,4736700,Baa1,RATING AFFIRMATION
24/03/2017,34.790001,34.93,34.02,34.509998,33.697784,4923000,Baa1,RATING AFFIRMATION
27/03/2017,33.450001,34.310001,32.990002,34.240002,33.434139,5075300,Baa1,RATING AFFIRMATION
28/03/2017,34.080002,35.290001,34.049999,35.029999,34.205547,4379400,Baa1,RATING AFFIRMATION
29/03/2017,35,35.18,33.860001,34.490002,33.678257,11159000,Baa1,RATING AFFIRMATION
30/03/2017,34.549999,35.25,34.310001,34.880001,34.059078,5519000,Baa1,RATING AFFIRMATION
31/03/2017,34.669998,35.029999,34.41,34.549999,33.736839,5060900,Baa1,RATING AFFIRMATION
03/04/2017,34.639999,35,34.09,34.82,34.000488,5149400,Baa1,RATING AFFIRMATION
04/04/2017,34.57,35.150002,34.400002,34.900002,34.078609,4645400,Baa1,RATING AFFIRMATION
05/04/2017,35.34,35.549999,34.369999,34.380001,33.570847,4949100,Baa1,RATING AFFIRMATION
06/04/2017,34.369999,35.040001,34.150002,34.919998,34.098137,3104300,Baa1,RATING AFFIRMATION
07/04/2017,34.540001,34.91,34.299999,34.630001,33.81496,3748100,Baa1,RATING AFFIRMATION
10/04/2017,34.619999,35.09,34.200001,34.380001,33.570847,3944900,Baa1,RATING AFFIRMATION
11/04/2017,34.119999,34.380001,33.630001,34.380001,33.570847,4157600,Baa1,RATING AFFIRMATION
12/04/2017,34.290001,34.34,33.5,33.73,32.936142,4051800,Baa1,RATING AFFIRMATION
13/04/2017,33.560001,34.139999,33.240002,33.240002,32.45768,3882500,Baa1,RATING AFFIRMATION
17/04/2017,33.279999,33.959999,33.134998,33.919998,33.121666,3349500,Baa1,RATING AFFIRMATION
18/04/2017,33.639999,34.09,33.349998,33.700001,32.906849,4819000,Baa1,RATING AFFIRMATION
19/04/2017,34.040001,34.487,33.889999,34.220001,33.414608,7394200,Baa1,RATING AFFIRMATION
20/04/2017,34.650002,35.75,34.650002,35.27,34.439899,5212300,Baa1,RATING AFFIRMATION
21/04/2017,35.279999,35.5,34.525002,34.900002,34.078609,7131100,Baa1,RATING AFFIRMATION
24/04/2017,36.09,36.57,35.654999,35.849998,35.006245,7965300,Baa1,RATING AFFIRMATION
25/04/2017,36.48,36.650002,36.150002,36.450001,35.592125,7075100,Baa1,RATING AFFIRMATION
26/04/2017,36.34,37.099998,36.32,36.799999,35.933887,5828300,Baa1,RATING AFFIRMATION
27/04/2017,36.82,36.939999,36.25,36.77,35.904591,7426000,Baa1,RATING AFFIRMATION
28/04/2017,36.77,37.25,36.59,36.709999,35.846001,7567000,Baa1,RATING AFFIRMATION
01/05/2017,36.990002,37.48,36.900002,37.130001,36.394924,4659400,Baa1,RATING AFFIRMATION
02/05/2017,37.09,37.330002,36.529999,36.84,36.110664,3858200,Baa1,RATING AFFIRMATION
03/05/2017,36.599998,37.299999,36.459999,37.209999,36.473335,3536900,Baa1,RATING AFFIRMATION
04/05/2017,37.68,38.009998,37.27,37.34,36.600761,3838600,Baa1,RATING AFFIRMATION
05/05/2017,37.419998,37.490002,36.830002,36.970001,36.238091,3105300,Baa1,RATING AFFIRMATION
08/05/2017,37.02,37.619999,37.02,37.360001,36.620369,2760600,Baa1,RATING AFFIRMATION
09/05/2017,37.41,37.689999,37.02,37.18,36.443932,2615900,Baa1,RATING AFFIRMATION
10/05/2017,37.049999,37.25,36.830002,37.209999,36.473335,2499400,Baa1,RATING AFFIRMATION
11/05/2017,37.040001,37.174999,36.509998,37,36.267494,2632200,Baa1,RATING AFFIRMATION
12/05/2017,36.799999,36.799999,36,36.650002,35.924419,3345100,Baa1,RATING AFFIRMATION
15/05/2017,36.720001,37.080002,36.630001,37.02,36.287098,3529900,Baa1,RATING AFFIRMATION
16/05/2017,37.09,37.310001,36.720001,37.080002,36.345909,3486200,Baa1,RATING AFFIRMATION
17/05/2017,37.080002,37.080002,34.349998,34.57,33.885601,9944800,Baa1,RATING AFFIRMATION
18/05/2017,34.32,35.029999,34.32,34.459999,33.777779,6107700,Baa1,RATING AFFIRMATION
19/05/2017,34.689999,35.009998,34.43,34.57,33.885601,5270200,Baa1,RATING AFFIRMATION
22/05/2017,34.790001,34.959999,34.291,34.57,33.885601,4214500,Baa1,RATING AFFIRMATION
23/05/2017,34.68,35.290001,34.41,35.09,34.395306,4377600,Baa1,RATING AFFIRMATION
24/05/2017,35.189999,35.189999,34.450001,34.630001,33.944416,4131700,Baa1,RATING AFFIRMATION
25/05/2017,34.700001,34.970001,34.450001,34.57,33.885601,3954000,Baa1,RATING AFFIRMATION
26/05/2017,34.509998,34.82,34.34,34.639999,33.954216,4866800,Baa1,RATING AFFIRMATION
30/05/2017,34.419998,34.509998,34.119999,34.25,33.571938,6637400,Baa1,RATING AFFIRMATION
31/05/2017,34.34,34.389999,33.490002,34.099998,33.4249,5854200,Baa1,RATING AFFIRMATION
01/06/2017,34.27,34.700001,33.970001,34.5,33.81699,4073700,Baa1,RATING AFFIRMATION
02/06/2017,34.18,34.400002,33.759998,34.130001,33.454315,5804100,Baa1,RATING AFFIRMATION
05/06/2017,34.18,34.48,33.970001,33.98,33.307281,4939900,Baa1,RATING AFFIRMATION
06/06/2017,33.639999,34.080002,33.400002,33.860001,33.189659,3277100,Baa1,RATING AFFIRMATION
07/06/2017,34.049999,34.709999,33.810001,34.52,33.836594,3642000,Baa1,RATING AFFIRMATION
08/06/2017,34.52,36.029999,34.389999,35.619999,34.914814,5822700,Baa1,RATING AFFIRMATION
09/06/2017,35.889999,36.740002,35.869999,36.34,35.62056,4730700,Baa1,RATING AFFIRMATION
12/06/2017,36.349998,36.98,36.200001,36.610001,35.885216,6392400,Baa1,RATING AFFIRMATION
13/06/2017,36.880001,37.18,36.709999,36.880001,36.149872,3774500,Baa1,RATING AFFIRMATION
14/06/2017,36.540001,36.605,35.610001,36.580002,35.855816,5384300,Baa1,RATING AFFIRMATION
15/06/2017,36.330002,36.994999,36.32,36.709999,35.983234,3167800,Baa1,RATING AFFIRMATION
16/06/2017,36.75,36.779999,36.290001,36.369999,35.649967,5086300,Baa1,RATING AFFIRMATION
19/06/2017,36.650002,36.990002,36.380001,36.549999,35.826401,3136800,Baa1,RATING AFFIRMATION
20/06/2017,36.290001,36.490002,35.84,35.939999,35.228477,3048600,Baa1,RATING AFFIRMATION
21/06/2017,36.049999,36.060001,35.150002,35.200001,34.503132,3832900,Baa1,RATING AFFIRMATION
22/06/2017,35.139999,35.200001,34.535,34.98,34.287487,4440900,Baa1,RATING AFFIRMATION
23/06/2017,35.139999,35.209999,34.049999,34.490002,33.807186,11276100,Baa1,RATING AFFIRMATION
26/06/2017,34.599998,35,34.400002,34.66,33.97382,6672300,Baa1,RATING AFFIRMATION
27/06/2017,34.919998,35.279999,34.720001,34.84,34.150257,3570900,Baa1,RATING AFFIRMATION
28/06/2017,35.18,35.650002,35.099998,35.34,34.640354,5225300,Baa1,RATING AFFIRMATION
29/06/2017,36.18,36.73,35.18,35.650002,34.944221,5573700,Baa1,RATING AFFIRMATION
30/06/2017,35.889999,36.009998,35.290001,35.68,34.973629,3281200,Baa1,RATING AFFIRMATION
03/07/2017,35.889999,36.755001,35.759998,36.540001,35.816605,2328700,Baa1,RATING AFFIRMATION
05/07/2017,36.66,37.055,36.209999,36.880001,36.149872,5212900,Baa1,RATING AFFIRMATION
06/07/2017,36.869999,37.25,36.529999,36.599998,35.875412,4151200,Baa1,RATING AFFIRMATION
07/07/2017,36.73,37.130001,36.389999,37.07,36.336113,4086600,Baa1,RATING AFFIRMATION
10/07/2017,37.07,37.25,36.709999,37.049999,36.316502,4071800,Baa1,RATING AFFIRMATION
11/07/2017,37.110001,37.209999,36.560001,36.73,36.002838,3533100,Baa1,RATING AFFIRMATION
12/07/2017,36.599998,36.610001,36.080002,36.52,35.796997,3105300,Baa1,RATING AFFIRMATION
13/07/2017,36.639999,36.93,36.400002,36.849998,36.120461,2895600,Baa1,RATING AFFIRMATION
14/07/2017,36.220001,36.459999,35.790001,36.240002,35.522541,3606500,Baa1,RATING AFFIRMATION
17/07/2017,36.16,36.360001,35.880001,36.09,35.375511,2914000,Baa1,RATING AFFIRMATION
18/07/2017,35.810001,35.887001,35.290001,35.59,34.88541,3338400,Baa1,RATING AFFIRMATION
19/07/2017,35.779999,35.779999,34.91,35.27,34.571743,3632200,Baa1,RATING AFFIRMATION
20/07/2017,35.25,35.415001,34.82,35.25,34.552139,4893500,Baa1,RATING AFFIRMATION
21/07/2017,35.189999,35.900002,34.325001,34.48,33.797386,6953200,Baa1,RATING AFFIRMATION
24/07/2017,34.549999,35.580002,34.5,35.450001,34.74818,4736300,Baa1,RATING AFFIRMATION
25/07/2017,36.139999,36.32,35.695,35.849998,35.140259,5392500,Baa1,RATING AFFIRMATION
26/07/2017,36.009998,36.029999,35,35.169998,34.473724,4156400,Baa1,RATING AFFIRMATION
27/07/2017,35.25,35.509998,34.695,35.040001,34.346298,5039600,Baa1,RATING AFFIRMATION
28/07/2017,35.040001,35.209999,34.75,34.939999,34.248276,2786000,Baa1,RATING AFFIRMATION
31/07/2017,35,35.27,34.834999,35.080002,34.563568,3430400,Baa1,RATING AFFIRMATION
01/08/2017,35.369999,35.400002,34.965,35.220001,34.701504,3066300,Baa1,RATING AFFIRMATION
02/08/2017,35.189999,35.625,35.119999,35.619999,35.095615,3555500,Baa1,RATING AFFIRMATION
03/08/2017,35.529999,35.654999,35.150002,35.220001,34.701504,4182500,Baa1,RATING AFFIRMATION
04/08/2017,35.619999,36.299999,35.529999,35.619999,35.095615,3751300,Baa1,RATING AFFIRMATION
07/08/2017,35.619999,35.720001,35.34,35.349998,34.82959,4100800,Baa1,RATING AFFIRMATION
08/08/2017,35.27,36.060001,35.215,35.34,34.819736,3549400,Baa1,RATING AFFIRMATION
09/08/2017,34.959999,35.09,34.700001,35.029999,34.514301,2555100,Baa1,RATING AFFIRMATION
10/08/2017,34.639999,34.84,33.669998,33.709999,33.213734,4239900,Baa1,RATING AFFIRMATION
11/08/2017,33.73,34.040001,33.220001,33.389999,32.898445,4223700,Baa1,RATING AFFIRMATION
14/08/2017,33.91,34.619999,33.794998,34.220001,33.716225,3061800,Baa1,RATING AFFIRMATION
15/08/2017,34.650002,34.91,33.970001,33.990002,33.489616,3188800,Baa1,RATING AFFIRMATION
16/08/2017,34.150002,34.389999,33.799999,33.950001,33.450203,2988900,Baa1,RATING AFFIRMATION
17/08/2017,33.849998,33.994999,32.77,32.810001,32.326984,4202300,Baa1,RATING AFFIRMATION
18/08/2017,32.75,33.415001,32.459999,33.060001,32.573303,3972300,Baa1,RATING AFFIRMATION
21/08/2017,33.060001,33.110001,32.599998,32.700001,32.218605,6705200,Baa1,RATING AFFIRMATION
22/08/2017,32.959999,33.470001,32.91,33.419998,32.928005,4825300,Baa1,RATING AFFIRMATION
23/08/2017,33.139999,34,33.080002,33.5,33.006824,3893900,Baa1,RATING AFFIRMATION
24/08/2017,33.68,34.049999,33.540001,34,33.499466,5454400,Baa1,RATING AFFIRMATION
25/08/2017,34.110001,34.369999,33.84,33.849998,33.351673,2763500,Baa1,RATING AFFIRMATION
28/08/2017,33.939999,33.98,33.290001,33.470001,32.977268,5160400,Baa1,RATING AFFIRMATION
29/08/2017,32.919998,33.43,32.669998,33.310001,32.819622,4448500,Baa1,RATING AFFIRMATION
30/08/2017,33.34,33.799999,33.34,33.389999,32.898445,3180800,Baa1,RATING AFFIRMATION
31/08/2017,33.59,33.650002,33.110001,33.130001,32.642273,3633600,Baa1,RATING AFFIRMATION
01/09/2017,33.279999,33.900002,33.150002,33.610001,33.115204,2883500,Baa1,RATING AFFIRMATION
05/09/2017,33.41,33.450001,32.509998,32.650002,32.169342,3952300,Baa1,RATING AFFIRMATION
06/09/2017,32.889999,33.18,32.610001,32.77,32.287575,3997100,Baa1,RATING AFFIRMATION
07/09/2017,32.689999,32.740002,31.51,32.080002,31.607733,5217000,Baa1,RATING AFFIRMATION
08/09/2017,32.119999,33.02,32.119999,32.810001,32.326984,5447300,Baa1,RATING AFFIRMATION
11/09/2017,33.240002,33.77,33.080002,33.459999,32.967411,4412800,Baa1,RATING AFFIRMATION
12/09/2017,33.630001,34.75,33.610001,34.48,33.972401,5623500,Baa1,RATING AFFIRMATION
13/09/2017,34.299999,34.955002,34.220001,34.689999,34.179306,4051100,Baa1,RATING AFFIRMATION
14/09/2017,34.959999,35.34,34.740002,34.779999,34.267982,5508000,Baa1,RATING AFFIRMATION
15/09/2017,34.689999,35.169998,34.419998,35.16,34.642387,6791100,Baa1,RATING AFFIRMATION
18/09/2017,35.18,35.720001,35.130001,35.59,35.066059,3552400,Baa1,RATING AFFIRMATION
19/09/2017,35.619999,36.009998,35.470001,35.82,35.292671,4242300,Baa1,RATING AFFIRMATION
20/09/2017,35.849998,35.976002,35.035,35.790001,35.263111,8886700,Baa1,RATING AFFIRMATION
21/09/2017,35.830002,36.384998,35.810001,36.27,35.73605,4440000,Baa1,RATING AFFIRMATION
22/09/2017,36.09,36.52,36.029999,36.349998,35.814865,2597000,Baa1,RATING AFFIRMATION
25/09/2017,36.32,36.66,36.060001,36.459999,35.923248,3923700,Baa1,RATING AFFIRMATION
26/09/2017,36.540001,37.009998,36.360001,36.82,36.27795,4179900,Baa1,RATING AFFIRMATION
27/09/2017,37.52,37.645,37.115002,37.220001,36.672066,4290400,Baa1,RATING AFFIRMATION
28/09/2017,37.349998,37.43,36.779999,37.07,36.524273,3760500,Baa1,RATING AFFIRMATION
29/09/2017,37.169998,38.055,37.055,37.869999,37.312492,5707400,Baa1,RATING AFFIRMATION
02/10/2017,37.529999,37.700001,36.919998,37.220001,36.672066,9024100,Baa1,RATING AFFIRMATION
03/10/2017,37.25,37.400002,36.740002,36.84,36.297657,6926000,Baa1,RATING AFFIRMATION
04/10/2017,36.119999,36.77,36.099998,36.57,36.031628,11398200,Baa1,RATING AFFIRMATION
05/10/2017,36.68,37.330002,36.470001,37.130001,36.583389,4741800,Baa1,RATING AFFIRMATION
06/10/2017,37.310001,37.68,37.07,37.490002,36.938091,5049600,Baa1,RATING AFFIRMATION
09/10/2017,37.599998,37.810001,37.139999,37.310001,36.760742,3696900,Baa1,RATING AFFIRMATION
10/10/2017,37.34,37.860001,37.275002,37.810001,37.253376,3643500,Baa1,RATING AFFIRMATION
11/10/2017,37.580002,37.740002,37.18,37.450001,36.898678,4005400,Baa1,RATING AFFIRMATION
12/10/2017,37.540001,37.68,37.040001,37.16,36.612946,2885500,Baa1,RATING AFFIRMATION
13/10/2017,37,37.334999,36.509998,36.98,36.435596,3742600,Baa1,RATING AFFIRMATION
16/10/2017,37.040001,37.307999,36.919998,37.049999,36.504562,3366100,Baa1,RATING AFFIRMATION
17/10/2017,37.240002,37.25,36.599998,36.68,36.140011,3307700,Baa1,RATING AFFIRMATION
18/10/2017,36.880001,37.32,36.650002,37.18,36.632652,5668700,Baa1,RATING AFFIRMATION
19/10/2017,36.799999,37.529999,36.68,37.43,36.878971,4632100,Baa1,RATING AFFIRMATION
20/10/2017,38.349998,38.700001,37.740002,38.330002,37.765724,6990200,Baa1,RATING AFFIRMATION
23/10/2017,38.509998,38.82,38.355,38.5,37.933216,8428400,Baa1,RATING AFFIRMATION
24/10/2017,38.610001,38.939999,38.299999,38.369999,37.80513,6312000,Baa1,RATING AFFIRMATION
25/10/2017,38.400002,38.540001,37.674999,38.029999,37.470135,5422700,Baa1,RATING AFFIRMATION
26/10/2017,38.299999,38.990002,38.189999,38.509998,37.943069,4599900,Baa1,RATING AFFIRMATION
27/10/2017,38.369999,38.540001,38.220001,38.450001,37.883957,2464200,Baa1,RATING AFFIRMATION
30/10/2017,38.25,38.400002,37.893002,38.080002,37.519402,3720600,Baa1,RATING AFFIRMATION
31/10/2017,37.970001,38.345001,37.91,38.009998,37.628292,3200500,Baa1,RATING AFFIRMATION
01/11/2017,38.209999,38.98,38.119999,38.369999,37.98468,5282100,Baa1,RATING AFFIRMATION
02/11/2017,38.259998,38.875,37.900002,38.740002,38.350967,3353100,Baa1,RATING AFFIRMATION
03/11/2017,38.68,39.099998,38.529999,38.82,38.430164,2949500,Baa1,RATING AFFIRMATION
06/11/2017,38.689999,38.900002,38.48,38.720001,38.331165,2233700,Baa1,RATING AFFIRMATION
07/11/2017,38.799999,38.990002,37.549999,37.669998,37.29171,4868900,Baa1,RATING AFFIRMATION
08/11/2017,37.450001,37.57,36.98,37.310001,36.935329,5045800,Baa1,RATING AFFIRMATION
09/11/2017,36.970001,37.32,36.459999,36.810001,36.440346,4777100,Baa1,RATING AFFIRMATION
10/11/2017,36.849998,37.082001,36.619999,36.68,36.311653,3615000,Baa1,RATING AFFIRMATION
13/11/2017,36.470001,37.279999,36.25,37.200001,36.826431,4689000,Baa1,RATING AFFIRMATION
14/11/2017,37.02,38.139999,36.919998,38.07,37.687691,4903500,Baa1,RATING AFFIRMATION
15/11/2017,37.68,38.349998,37.400002,38.139999,37.756989,4191000,Baa1,RATING AFFIRMATION
16/11/2017,38.5,38.740002,37.91,37.919998,37.5392,3584300,Baa1,RATING AFFIRMATION
17/11/2017,37.650002,38.369999,37.57,38.169998,37.786686,2096800,Baa1,RATING AFFIRMATION
20/11/2017,38.310001,38.490002,38.099998,38.25,37.865887,4023700,Baa1,RATING AFFIRMATION
21/11/2017,38.369999,38.369999,37.790001,37.900002,37.519402,4695300,Baa1,RATING AFFIRMATION
22/11/2017,38,38.244999,37.799999,37.830002,37.450104,2848200,Baa1,RATING AFFIRMATION
24/11/2017,38.02,38.09,37.615002,37.75,37.370907,807200,Baa1,RATING AFFIRMATION
27/11/2017,37.740002,37.869999,37.465,37.630001,37.252113,2299800,Baa1,RATING AFFIRMATION
28/11/2017,37.75,38.84,37.715,38.779999,38.390564,5322100,Baa1,RATING AFFIRMATION
29/11/2017,39.25,41.080002,39.110001,40.669998,40.261581,8737000,Baa1,RATING AFFIRMATION
30/11/2017,41.080002,41.77,40.66,40.700001,40.291283,13191000,Baa1,RATING AFFIRMATION
01/12/2017,40.900002,41.189999,39.419998,40.689999,40.281384,6694600,Baa1,RATING AFFIRMATION
04/12/2017,41.490002,42.52,41.32,41.849998,41.429733,6494500,Baa1,RATING AFFIRMATION
05/12/2017,41.830002,42.09,40.740002,40.889999,40.479374,6205600,Baa1,RATING AFFIRMATION
06/12/2017,40.669998,40.91,40.240002,40.630001,40.221989,4265200,Baa1,RATING AFFIRMATION
07/12/2017,40.41,41.439999,40.27,41.43,41.01395,4692200,Baa1,RATING AFFIRMATION
08/12/2017,41.639999,41.799999,41.18,41.740002,41.320839,3200200,Baa1,RATING AFFIRMATION
11/12/2017,41.700001,41.919998,41.16,41.419998,41.004051,3258300,Baa1,RATING AFFIRMATION
12/12/2017,41.66,42.205002,41.419998,41.919998,41.499027,4219300,Baa1,RATING AFFIRMATION
13/12/2017,41.900002,42.34,41.310001,41.34,40.924858,3995200,Baa1,RATING AFFIRMATION
14/12/2017,41.580002,41.740002,40.700001,40.869999,40.459576,3637700,Baa1,RATING AFFIRMATION
15/12/2017,41.290001,42.189999,41.02,41.700001,41.281242,9186200,Baa1,RATING AFFIRMATION
18/12/2017,42.040001,42.720001,41.73,42.029999,41.607925,4445900,Baa1,RATING AFFIRMATION
19/12/2017,42.560001,42.834999,42.060001,42.080002,41.657425,5364800,Baa1,RATING AFFIRMATION
20/12/2017,42.580002,42.669998,41.75,41.93,41.50893,2521100,Baa1,RATING AFFIRMATION
21/12/2017,42.389999,42.93,42.195,42.599998,42.172199,4102100,Baa1,RATING AFFIRMATION
22/12/2017,42.849998,42.91,42.209999,42.630001,42.2019,3620200,Baa1,RATING AFFIRMATION
26/12/2017,42.630001,42.919998,42.34,42.52,42.093006,2408400,Baa1,RATING AFFIRMATION
27/12/2017,42.450001,42.52,42.150002,42.360001,41.934616,2345900,Baa1,RATING AFFIRMATION
28/12/2017,42.43,42.459999,42.099998,42.439999,42.013809,1459900,Baa1,RATING AFFIRMATION
29/12/2017,42.439999,42.66,41.950001,41.98,41.558426,2644600,Baa1,RATING AFFIRMATION
02/01/2018,42.349998,42.68,42.02,42.68,42.2514,5073100,Baa1,RATING AFFIRMATION
03/01/2018,42.57,43.290001,42.439999,43.169998,42.736477,6281200,Baa1,RATING AFFIRMATION
04/01/2018,43.580002,44.330002,43.389999,43.68,43.241356,6740100,Baa1,RATING AFFIRMATION
05/01/2018,43.889999,44.240002,43.650002,43.880001,43.43935,7315600,Baa1,RATING AFFIRMATION
08/01/2018,43.799999,44.27,43.630001,44.060001,43.617542,4725700,Baa1,RATING AFFIRMATION
09/01/2018,44.169998,44.849998,44.009998,44.189999,43.746235,5434900,Baa1,RATING AFFIRMATION
10/01/2018,44.34,45.459999,44.279999,44.900002,44.449108,2914700,Baa1,RATING AFFIRMATION
11/01/2018,45.060001,45.305,44.630001,45.299999,44.845085,3292500,Baa1,RATING AFFIRMATION
12/01/2018,45.610001,45.790001,45.290001,45.52,45.062881,2267300,Baa1,RATING AFFIRMATION
16/01/2018,45.790001,45.93,44.945,45.25,44.795593,2981700,Baa1,RATING AFFIRMATION
17/01/2018,45.52,46.009998,44.830002,45.84,45.379665,3728400,Baa1,RATING AFFIRMATION
18/01/2018,45.950001,46.125,45.220001,45.759998,45.300468,6065000,Baa1,RATING AFFIRMATION
19/01/2018,46.139999,47.32,45.639999,46.82,46.349827,7826200,Baa1,RATING AFFIRMATION
22/01/2018,47.240002,47.869999,47.009998,47.810001,47.329884,4196100,Baa1,RATING AFFIRMATION
23/01/2018,47.689999,48.139999,47.299999,47.869999,47.389278,3885900,Baa1,RATING AFFIRMATION
24/01/2018,48.07,48.23,47.119999,47.380001,46.904202,7287100,Baa1,RATING AFFIRMATION
25/01/2018,47.599998,47.641998,46.34,46.669998,46.201328,5613200,Baa1,RATING AFFIRMATION
26/01/2018,46.799999,47.014999,46.41,46.950001,46.478519,3979400,Baa1,RATING AFFIRMATION
29/01/2018,46.830002,47.169998,46.66,46.75,46.280525,4266900,Baa1,RATING AFFIRMATION
30/01/2018,46.41,46.950001,46.154999,46.169998,45.706352,3727500,Baa1,RATING AFFIRMATION
31/01/2018,46.049999,46.689999,45.779999,45.900002,45.656616,4150500,Baa1,RATING AFFIRMATION
01/02/2018,45.91,46.849998,45.759998,46.810001,46.56179,6742900,Baa1,RATING AFFIRMATION
02/02/2018,46.650002,47.060001,45.764999,46.02,45.775978,6066600,Baa1,RATING AFFIRMATION
05/02/2018,45.080002,46.244999,43.57,43.68,43.448387,5846100,Baa1,RATING AFFIRMATION
06/02/2018,42.5,45.080002,41.48,44.599998,44.363506,8299800,Baa1,RATING AFFIRMATION
07/02/2018,44.330002,45.389999,43.700001,44.84,44.602238,6545800,Baa1,RATING AFFIRMATION
08/02/2018,44.889999,45.02,42.169998,42.189999,41.966286,4709300,Baa1,RATING AFFIRMATION
09/02/2018,42.939999,43.48,41.490002,43.049999,42.821728,6874600,Baa1,RATING AFFIRMATION
12/02/2018,43.509998,44.52,43.150002,43.959999,43.726902,4381000,Baa1,RATING AFFIRMATION
13/02/2018,43.529999,44.419998,43.389999,44.389999,44.154621,3437700,Baa1,RATING AFFIRMATION
14/02/2018,44.009998,45.889999,44.009998,45.849998,45.60688,6307600,Baa1,RATING AFFIRMATION
15/02/2018,46.330002,46.639999,45.599998,46.02,45.775978,3042700,Baa1,RATING AFFIRMATION
16/02/2018,45.73,46.560001,45.73,45.93,45.686459,2803400,Baa1,RATING AFFIRMATION
20/02/2018,45.889999,46.610001,45.689999,46.09,45.845608,4780700,Baa1,RATING AFFIRMATION
21/02/2018,45.98,46.959999,45.759998,46.299999,46.054493,4491000,Baa1,RATING AFFIRMATION
22/02/2018,46.529999,46.790001,45.369999,45.450001,45.209003,2471100,Baa1,RATING AFFIRMATION
23/02/2018,45.709999,46.439999,45.66,46.43,46.183807,2388600,Baa1,RATING AFFIRMATION
26/02/2018,46.525002,46.619999,43.82,44.540001,44.303829,14458500,Baa1,RATING AFFIRMATION
27/02/2018,44.52,45.459999,43.75,43.75,43.518017,13968100,Baa1,RATING AFFIRMATION
28/02/2018,44.169998,44.700001,43.470001,43.490002,43.259396,8098700,Baa1,RATING AFFIRMATION
01/03/2018,43.540001,44.529999,43.209999,43.529999,43.299183,7400900,Baa1,RATING AFFIRMATION
02/03/2018,43.139999,44.275002,42.580002,44.18,43.945736,5850800,Baa1,RATING AFFIRMATION
05/03/2018,43.73,45.080002,43.380001,44.860001,44.622131,5293300,Baa1,RATING AFFIRMATION
06/03/2018,45.16,45.509998,44.439999,45.32,45.079689,3843500,Baa1,RATING AFFIRMATION
07/03/2018,44.759998,45.560001,44.599998,45.439999,45.199055,3468200,Baa1,RATING AFFIRMATION
08/03/2018,45.68,45.900002,44.560001,45.220001,44.980221,3957400,Baa1,RATING AFFIRMATION
09/03/2018,45.580002,46.314999,45.330002,46.259998,46.014706,4264300,Baa1,RATING AFFIRMATION
12/03/2018,46.299999,46.66,46.110001,46.150002,45.905293,3581800,Baa1,RATING AFFIRMATION
13/03/2018,46.470001,46.549999,45.625,45.73,45.487518,3044800,Baa1,RATING AFFIRMATION
14/03/2018,45.860001,45.91,44.990002,45.130001,44.890701,5014600,Baa1,RATING AFFIRMATION
15/03/2018,45.369999,45.459999,44.759998,44.959999,44.7216,3121300,Baa1,RATING AFFIRMATION
16/03/2018,45.080002,45.650002,44.849998,44.869999,44.632076,6372100,Baa1,RATING AFFIRMATION
19/03/2018,44.860001,45.060001,44.27,44.91,44.671864,3169200,Baa1,RATING AFFIRMATION
20/03/2018,45.189999,45.419998,44.689999,44.77,44.532608,2063900,Baa1,RATING AFFIRMATION
21/03/2018,44.77,45.560001,44.529999,44.919998,44.681812,3601000,Baa1,RATING AFFIRMATION
22/03/2018,44.290001,44.529999,42.865002,42.950001,42.72226,5413800,Baa1,RATING AFFIRMATION
23/03/2018,43.099998,43.099998,41.185001,41.27,41.051167,5167300,Baa1,RATING AFFIRMATION
26/03/2018,42.029999,43.224998,41.709999,43.119999,42.891357,6224800,Baa1,RATING AFFIRMATION
27/03/2018,43.25,43.419998,41.200001,41.59,41.369469,5434300,Baa1,RATING AFFIRMATION
28/03/2018,41.799999,41.970001,40.799999,41.549999,41.329681,5276000,Baa1,RATING AFFIRMATION
29/03/2018,41.82,42.169998,41.419998,41.98,41.757401,6672900,Baa1,RATING AFFIRMATION
02/04/2018,41.939999,42,40.450001,41.099998,40.882065,4659700,Baa1,RATING AFFIRMATION
03/04/2018,41.25,41.966,41.075001,41.810001,41.588303,3581100,Baa1,RATING AFFIRMATION
04/04/2018,41.25,42.869999,41.07,42.77,42.543213,4959200,Baa1,RATING AFFIRMATION
05/04/2018,43.060001,43.360001,42.490002,43.02,42.791889,5229400,Baa1,RATING AFFIRMATION
06/04/2018,42.330002,42.485001,40.98,41.48,41.260052,5383200,Baa1,RATING AFFIRMATION
09/04/2018,41.709999,42.75,41.665001,41.740002,41.518677,4324100,Baa1,RATING AFFIRMATION
10/04/2018,42.5,42.93,42.18,42.700001,42.473583,3645700,Baa1,RATING AFFIRMATION
11/04/2018,42.25,42.509998,42.049999,42.18,41.956341,3161900,Baa1,RATING AFFIRMATION
12/04/2018,42.630001,43.494999,42.59,43.240002,43.010723,3777700,Baa1,RATING AFFIRMATION
13/04/2018,43.52,43.619999,42.029999,42.279999,42.055809,3787200,Baa1,RATING AFFIRMATION
16/04/2018,42.700001,42.93,41.959999,42.369999,42.145332,2919100,Baa1,RATING AFFIRMATION
17/04/2018,42.630001,42.755001,40.82,41.290001,41.07106,7108300,Baa1,RATING AFFIRMATION
18/04/2018,41.380001,41.825001,40.700001,41.029999,40.812439,6786900,Baa1,RATING AFFIRMATION
19/04/2018,41.139999,41.985001,41.07,41.860001,41.638039,5860700,Baa1,RATING AFFIRMATION
20/04/2018,42,42.509998,41.52,41.98,41.757401,5391500,Baa1,RATING AFFIRMATION
23/04/2018,42.560001,43.009998,42.299999,42.509998,42.284588,5521100,Baa1,RATING AFFIRMATION
24/04/2018,42.889999,43.509998,41.700001,42.27,42.045864,5980600,Baa1,RATING AFFIRMATION
25/04/2018,42.139999,42.810001,41.619999,42.52,42.29454,3772900,Baa1,RATING AFFIRMATION
26/04/2018,42.439999,42.610001,41.939999,41.98,41.757401,3832100,Baa1,RATING AFFIRMATION
27/04/2018,41.950001,42.490002,41.830002,42.470001,42.244804,3442000,Baa1,RATING AFFIRMATION
30/04/2018,42.630001,42.82,41.490002,41.490002,41.27,2836100,Baa1,RATING AFFIRMATION
01/05/2018,41.099998,41.34,40.330002,40.950001,40.950001,7339300,Baa1,RATING AFFIRMATION
02/05/2018,40.959999,41.869999,40.904999,41.009998,41.009998,5698600,Baa1,RATING AFFIRMATION
03/05/2018,40.669998,40.990002,39.98,40.41,40.41,4179900,Baa1,RATING AFFIRMATION
04/05/2018,40.169998,41.349998,39.91,41.029999,41.029999,2738900,Baa1,RATING AFFIRMATION
07/05/2018,41.119999,41.369999,40.700001,41.07,41.07,2592900,Baa1,RATING AFFIRMATION
08/05/2018,41.16,41.900002,40.924999,41.32,41.32,3656400,Baa1,RATING AFFIRMATION
09/05/2018,41.560001,42.34,41.41,42.169998,42.169998,3177000,Baa1,RATING AFFIRMATION
10/05/2018,42.169998,42.580002,41.715,42.360001,42.360001,2610300,Baa1,RATING AFFIRMATION
11/05/2018,42.470001,42.599998,42.189999,42.400002,42.400002,2430200,Baa1,RATING AFFIRMATION
14/05/2018,42.619999,42.650002,42.16,42.34,42.34,2365800,Baa1,RATING AFFIRMATION
15/05/2018,42.279999,43.119999,42.25,42.720001,42.720001,3501100,Baa1,RATING AFFIRMATION
16/05/2018,42.52,42.849998,42.294998,42.540001,42.540001,2906000,Baa1,RATING AFFIRMATION
17/05/2018,42.41,42.720001,42.080002,42.5,42.5,3580400,Baa1,RATING AFFIRMATION
18/05/2018,42.32,42.470001,41.560001,41.560001,41.560001,3456700,Baa1,RATING AFFIRMATION
21/05/2018,41.77,42.215,41.599998,41.889999,41.889999,3850000,Baa1,RATING AFFIRMATION
22/05/2018,41.990002,42.580002,41.98,42.189999,42.189999,3424500,Baa1,RATING AFFIRMATION
23/05/2018,42.02,42.240002,41.490002,41.790001,41.790001,6219400,Baa1,RATING AFFIRMATION
24/05/2018,41.59,41.700001,40.66,41.540001,41.540001,4405900,Baa1,RATING AFFIRMATION
25/05/2018,41.299999,41.595001,41.040001,41.509998,41.509998,3597000,Baa1,RATING AFFIRMATION
29/05/2018,40.990002,41.029999,39.07,39.41,39.41,6883000,Baa1,RATING AFFIRMATION
30/05/2018,40.25,40.630001,39.91,40.439999,40.439999,4363100,Baa1,RATING AFFIRMATION
31/05/2018,40.700001,41,40.220001,40.849998,40.849998,9028500,Baa1,RATING AFFIRMATION
01/06/2018,41.459999,42.060001,41.360001,41.630001,41.630001,4153300,Baa1,RATING AFFIRMATION
04/06/2018,41.759998,42.040001,41.669998,41.91,41.91,4156800,Baa1,RATING AFFIRMATION
05/06/2018,41.779999,41.98,41.060001,41.490002,41.490002,4022300,Baa1,RATING AFFIRMATION
06/06/2018,41.599998,42.509998,41.599998,42.380001,42.380001,3702100,Baa1,RATING AFFIRMATION
07/06/2018,42.549999,42.720001,41.82,41.91,41.91,4811000,Baa1,RATING AFFIRMATION
08/06/2018,41.77,42.040001,41.57,41.98,41.98,4135600,Baa1,RATING AFFIRMATION
11/06/2018,42.23,42.57,41.740002,41.849998,41.849998,4652600,Baa1,RATING AFFIRMATION
12/06/2018,41.970001,42.529999,41.845001,42.209999,42.209999,5631800,Baa1,RATING AFFIRMATION
13/06/2018,42.330002,42.865002,41.790001,41.84,41.84,5709200,Baa1,RATING AFFIRMATION
14/06/2018,42.09,42.18,40.98,41.400002,41.400002,5402900,Baa1,RATING AFFIRMATION
15/06/2018,41.330002,41.82,40.5,41.700001,41.700001,8035200,Baa1,RATING AFFIRMATION
18/06/2018,41.34,42.099998,41.068001,41.849998,41.849998,4824900,Baa1,RATING AFFIRMATION
19/06/2018,41.34,41.880001,41.169998,41.75,41.75,4108500,Baa1,RATING AFFIRMATION
20/06/2018,42.099998,42.23,41.689999,41.889999,41.889999,4323300,Baa1,RATING AFFIRMATION
21/06/2018,41.689999,42.189999,41.23,41.93,41.93,2774700,Baa1,RATING AFFIRMATION
22/06/2018,41.919998,42.200001,41.099998,41.18,41.18,5378200,Baa1,RATING AFFIRMATION
25/06/2018,41.029999,41.080002,40.259998,40.849998,40.849998,7724400,Baa1,RATING AFFIRMATION
26/06/2018,40.880001,40.990002,39.919998,40.139999,40.139999,6471400,Baa1,RATING AFFIRMATION
27/06/2018,40.02,40.59,39.48,39.560001,39.560001,4854500,Baa1,RATING AFFIRMATION
28/06/2018,39.68,39.900002,39.299999,39.509998,39.509998,3799000,Baa1,RATING AFFIRMATION
