Date,Open,High,Low,Close,Adj Close,Volume,Rate
20111101,6.56,6.56,6.24,6.24,6.24,2719290,B2
20111102,6.15,6.24,5.97,5.97,5.97,1255220,B2
20111103,5.88,5.97,5.7,5.92,5.92,1193910,B2
20111104,5.97,5.97,5.83,5.83,5.83,483860,B2
20111107,5.83,5.83,5.56,5.56,5.56,1158750,B2
20111108,5.47,5.51,5.33,5.43,5.43,1105490,B2
20111109,5.38,5.43,5.25,5.25,5.25,740500,B2
20111110,5.16,5.48,5.16,5.34,5.34,1258020,B2
20111111,5.43,5.52,5.39,5.43,5.43,1024320,B2
20111114,5.38,5.43,5.34,5.38,5.38,681580,B2
20111115,5.38,5.43,5.33,5.34,5.34,333650,B2
20111116,5.34,5.43,5.29,5.38,5.38,963200,B2
20111117,5.38,5.38,5.29,5.38,5.38,833240,B2
20111118,5.33,5.43,5.24,5.43,5.43,1468870,B2
20111121,5.34,5.61,5.34,5.61,5.61,1247370,B2
20111122,5.61,5.88,5.61,5.79,5.79,1100380,B2
20111123,5.84,5.88,5.7,5.74,5.74,580420,B2
20111124,5.74,5.74,5.6,5.61,5.61,545770,B2
20111125,5.56,5.61,5.47,5.56,5.56,587810,B2
20111128,5.61,5.79,5.56,5.7,5.7,1119140,B2
20111129,5.7,5.84,5.7,5.79,5.79,1368920,B2
20111130,5.84,5.84,5.65,5.65,5.65,1192350,B2
20111201,5.7,5.79,5.7,5.74,5.74,903960,B2
20111202,5.74,5.79,5.69,5.74,5.74,505490,B2
20111205,5.74,5.92,5.74,5.88,5.88,915680,B2
20111206,5.88,5.88,5.79,5.79,5.79,709500,B2
20111207,5.89,5.94,5.74,5.84,5.84,1243680,B2
20111208,5.89,5.89,5.79,5.79,5.79,381970,B2
20111209,5.79,5.79,5.64,5.69,5.69,861100,B2
20111212,5.64,5.79,5.64,5.74,5.74,640030,B2
20111213,5.69,5.79,5.69,5.69,5.69,648920,B2
20111214,5.69,5.69,5.54,5.64,5.64,1185060,B2
20111215,5.69,5.69,5.49,5.64,5.64,582760,B2
20111216,5.64,5.74,5.59,5.64,5.64,510930,B2
20111219,5.59,5.69,5.59,5.64,5.64,468810,B2
20111220,5.59,5.64,5.59,5.64,5.64,560760,B2
20111221,5.64,5.69,5.64,5.69,5.69,588730,B2
20111222,5.69,5.69,5.54,5.59,5.59,587640,B2
20111223,5.59,5.64,5.54,5.54,5.54,597370,B2
20111226,5.54,5.59,5.34,5.49,5.49,1035190,B2
20111227,5.44,5.44,5.24,5.24,5.24,1727600,B2
20111228,5.24,5.34,5.19,5.29,5.29,1741660,B2
20111229,5.34,5.39,5.29,5.39,5.39,1019180,B2
20111230,5.39,5.49,5.39,5.39,5.39,510030,B2
20120103,5.39,5.44,5.34,5.44,5.44,462000,B2
20120104,5.39,5.44,5.29,5.44,5.44,368740,B2
20120105,5.44,5.44,5.29,5.34,5.34,478490,B2
20120106,5.34,5.39,5.29,5.34,5.34,331370,B2
20120109,5.39,5.44,5.29,5.39,5.39,464800,B2
20120110,5.34,5.49,5.34,5.49,5.49,897700,B2
20120111,5.54,5.54,5.49,5.54,5.54,653750,B2
20120112,5.54,5.64,5.49,5.64,5.64,475010,B2
20120113,5.64,5.74,5.64,5.74,5.74,425170,B2
20120116,5.74,5.94,5.74,5.89,5.89,553980,B2
20120117,5.94,5.94,5.74,5.74,5.74,645660,B2
20120118,5.74,5.89,5.69,5.74,5.74,343520,B2
20120119,5.84,5.94,5.79,5.94,5.94,268670,B2
20120120,5.94,5.99,5.84,5.89,5.89,275900,B2
20120130,5.94,5.99,5.84,5.99,5.99,457150,B2
20120131,5.99,6.19,5.94,6.04,6.04,822330,B2
20120201,6.04,6.04,5.89,5.99,5.99,586840,B2
20120202,6.09,6.29,6.09,6.29,6.29,1360930,B2
20120203,6.44,6.59,6.34,6.39,6.39,4077030,B2
20120206,6.49,6.49,6.24,6.24,6.24,1157510,B2
20120207,6.39,6.39,6.19,6.29,6.29,963570,B2
20120208,6.34,6.54,6.29,6.54,6.54,2496360,B2
20120209,6.54,6.84,6.54,6.69,6.69,4113510,B2
20120210,6.69,6.79,6.54,6.59,6.59,3139790,B2
20120213,6.64,6.64,6.43,6.42,6.42,949610,B2
20120214,6.42,6.63,6.37,6.63,6.63,1310730,B2
20120215,6.63,6.63,6.37,6.47,6.47,1089850,B2
20120216,6.42,6.52,6.37,6.52,6.52,1264950,B2
20120217,6.52,6.62,6.52,6.63,6.63,1215500,B2
20120220,6.73,6.94,6.68,6.89,6.89,2941850,B2
20120221,6.99,6.99,6.73,6.73,6.73,2805190,B2
20120222,6.68,6.99,6.68,6.94,6.94,3635880,B2
20120223,6.99,7.25,6.89,7.25,7.25,5790660,B2
20120224,7.35,7.56,7.3,7.41,7.41,7576700,B2
20120227,7.51,7.72,7.36,7.67,7.67,5071310,B2
20120228,7.83,7.83,7.3,7.46,7.46,4770100,B2
20120229,7.3,7.62,7.3,7.62,7.62,6070940,B2
20120301,7.67,7.99,7.57,7.94,7.94,11644670,B2
20120302,8.1,8.31,8.05,8.31,8.31,14086080,B2
20120305,8.68,8.68,8.68,8.68,8.68,1604700,B2
20120306,9.11,9.11,8.68,8.79,8.79,15791100,B2
20120307,8.68,8.79,8.42,8.58,8.58,9630560,B2
20120308,8.21,8.53,8.15,8.15,8.15,9290320,B2
20120309,7.88,8.2,7.78,7.94,7.94,6469510,B2
20120312,7.67,7.94,7.57,7.67,7.67,7728610,B2
20120313,7.83,8.04,7.67,7.99,7.99,5046780,B2
20120314,7.78,8.15,7.78,7.78,7.78,3632820,B2
20120315,7.67,8.15,7.62,8.15,8.15,5270660,B2
20120316,8.26,8.52,8.2,8.26,8.26,6865540,B2
20120319,8.21,8.42,8.15,8.26,8.26,4156720,B2
20120320,8.31,8.47,8.26,8.47,8.47,3748430,B2
20120321,8.58,8.84,8.52,8.63,8.63,8486760,B2
20120322,8.52,8.68,8.42,8.42,8.42,5042930,B2
20120323,8.53,8.69,8.42,8.52,8.52,6886300,B2
20120326,8.25,8.63,8.25,8.26,8.26,4345740,B2
20120327,8.15,8.26,7.89,7.88,7.88,6171100,B2
20120328,7.77,8.04,7.67,8.04,8.04,3287320,B2
20120329,8.09,8.09,7.77,7.83,7.83,2667660,B2
20120330,7.78,7.88,7.67,7.72,7.72,2563210,B2
20120403,7.72,8.09,7.72,8.1,8.1,4560310,B2
20120404,7.94,8.15,7.89,7.94,7.94,2466650,B2
20120405,7.94,8.21,7.83,8.15,8.15,3033670,B2
20120406,8.15,8.26,8.04,8.04,8.04,2553500,B2
20120409,8.09,8.2,7.99,8.15,8.15,1622410,B2
20120410,8.15,8.2,7.88,7.94,7.94,3968660,B2
20120411,8.15,8.15,7.94,8.15,8.15,3865700,B2
20120412,8.2,8.52,8.15,8.42,8.42,10227410,B2
20120413,8.47,8.53,8.26,8.26,8.26,2991900,B2
20120416,8.37,8.53,8.26,8.42,8.42,2489500,B2
20120417,8.53,8.63,8.37,8.47,8.47,4838630,B2
20120418,8.36,8.63,8.36,8.36,8.36,5574540,B2
20120419,8.36,8.41,8.2,8.2,8.2,2800080,B2
20120420,8.2,8.41,8.09,8.2,8.2,2357050,B2
20120423,8.15,8.31,8.15,8.2,8.2,3371380,B2
20120424,8.2,8.25,8.09,8.26,8.26,2730600,B2
20120425,8.37,8.42,8.26,8.31,8.31,2559560,B2
20120426,8.36,8.36,8.15,8.15,8.15,2627460,B2
20120427,8.15,8.2,8.04,8.15,8.15,2734350,B2
20120502,8.2,8.26,8.04,8.1,8.1,2289580,B2
20120503,8.1,8.1,7.99,8.04,8.04,1401710,B2
20120504,8.04,8.15,8.04,8.1,8.1,2052660,B2
20120507,8.1,8.15,7.99,7.99,7.99,2862670,B2
20120508,7.99,8.36,7.99,8.36,8.36,7551530,B2
20120509,8.36,8.47,8.25,8.31,8.31,2460860,B2
20120510,8.31,8.42,8.2,8.36,8.36,2364650,B2
20120511,8.36,8.36,8.2,8.26,8.26,1958130,B2
20120514,8.21,8.26,7.99,7.99,7.99,3790900,B2
20120515,7.99,8.04,7.88,7.88,7.88,2627100,B2
20120516,7.88,7.99,7.83,7.94,7.94,1931580,B2
20120517,8.05,8.16,7.94,7.94,7.94,1635510,B2
20120518,7.89,7.94,7.67,7.72,7.72,2633250,B2
20120521,7.83,8.1,7.83,8.1,8.1,1287600,B2
20120522,8.1,8.1,7.88,7.94,7.94,750510,B2
20120523,7.83,7.94,7.72,7.72,7.72,1315030,B2
20120524,7.77,7.83,7.61,7.61,7.61,1236660,B2
20120525,7.83,7.99,7.72,7.99,7.99,1856780,B2
20120528,8.04,8.1,7.88,7.99,7.99,1263630,B2
20120529,7.88,7.99,7.88,7.94,7.94,957050,B2
20120530,7.94,8.1,7.89,8.04,8.04,2073200,B2
20120531,7.99,7.99,7.88,7.94,7.94,1058710,B2
20120601,7.99,8.1,7.94,7.99,7.99,1352760,B2
20120604,7.88,7.94,7.72,7.77,7.77,2608460,B2
20120605,7.77,7.88,7.72,7.88,7.88,667870,B2
20120606,7.83,7.93,7.83,7.88,7.88,784940,B2
20120607,7.93,8.04,7.88,7.99,7.99,1587310,B2
20120608,8.1,8.1,7.88,7.88,7.88,740140,B2
20120611,7.88,7.99,7.83,7.88,7.88,1233020,B2
20120612,7.88,7.88,7.72,7.72,7.72,1167320,B2
20120613,7.72,7.83,7.72,7.72,7.72,606570,B2
20120614,7.77,7.83,7.72,7.72,7.72,869930,B2
20120615,7.77,7.88,7.72,7.77,7.77,688370,B2
20120618,7.88,7.93,7.82,7.88,7.88,1348410,B2
20120619,7.83,7.88,7.77,7.77,7.77,632180,B2
20120620,7.77,7.82,7.77,7.77,7.77,245320,B2
20120621,7.77,7.88,7.72,7.77,7.77,897460,B2
20120622,7.77,7.77,7.66,7.72,7.72,1033550,B2
20120625,7.72,7.77,7.61,7.61,7.61,1396050,B2
20120626,7.61,7.66,7.5,7.61,7.61,1113560,B2
20120627,7.56,7.66,7.56,7.56,7.56,935260,B2
20120628,7.51,7.61,7.51,7.5,7.5,587950,B2
20120629,7.55,7.55,7.5,7.56,7.56,527300,B2
20120702,7.56,7.56,7.45,7.45,7.45,411320,B2
20120703,7.4,7.45,7.29,7.4,7.4,684000,B2
20120704,7.4,7.45,7.29,7.29,7.29,469580,B2
20120705,7.24,7.29,7.18,7.29,7.29,659740,B2
20120706,7.24,7.4,7.24,7.34,7.34,547100,B2
20120709,7.29,7.34,7.07,7.07,7.07,495120,B2
20120710,7.02,7.12,7.02,7.02,7.02,311900,B2
20120711,7.02,7.07,7.02,7.02,7.02,266880,B2
20120712,7.02,7.13,7.02,7.13,7.13,174340,B2
20120713,7.13,7.45,7.13,7.45,7.45,1836480,B2
20120716,7.5,7.61,7.45,7.56,7.56,2039960,B2
20120717,7.56,7.78,7.56,7.72,7.72,1214720,B2
20120718,7.72,7.77,7.61,7.67,7.67,746460,B2
20120719,7.67,7.83,7.56,7.83,7.83,1036800,B2
20120720,7.83,7.94,7.72,7.72,7.72,1167570,B2
20120723,7.72,7.77,7.61,7.61,7.61,757940,B2
20120724,7.56,7.61,7.39,7.45,7.45,977000,B2
20120725,7.4,7.5,7.4,7.45,7.45,991480,B2
20120726,7.45,7.56,7.45,7.5,7.5,386960,B2
20120727,7.5,7.61,7.5,7.61,7.61,1181950,B2
20120730,7.56,7.61,7.5,7.61,7.61,372670,B2
20120731,7.56,7.66,7.56,7.56,7.56,341290,B2
20120801,7.56,7.56,7.45,7.45,7.45,445630,B2
20120802,7.45,7.56,7.45,7.45,7.45,348530,B2
20120803,7.45,7.56,7.45,7.5,7.5,501940,B2
20120806,7.55,7.66,7.5,7.61,7.61,1007280,B2
20120807,7.5,7.61,7.5,7.56,7.56,494380,B2
20120808,7.56,7.61,7.51,7.56,7.56,715510,B2
20120809,7.56,7.67,7.56,7.56,7.56,641570,B2
20120810,7.56,7.67,7.56,7.56,7.56,604450,B2
20120813,7.56,7.72,7.51,7.72,7.72,1031280,B2
20120814,7.72,8.1,7.72,7.94,7.94,22578090,B2
20120815,7.99,8.1,7.83,7.88,7.88,1811600,B2
20120816,7.88,7.93,7.83,7.88,7.88,458790,B2
20120817,7.83,7.88,7.77,7.88,7.88,1217340,B2
20120820,7.88,8.04,7.88,8.04,8.04,2443510,B2
20120821,7.93,7.93,7.66,7.67,7.67,3237850,B2
20120822,7.4,7.72,7.4,7.5,7.5,2197070,B2
20120823,7.45,7.45,7.18,7.18,7.18,7323800,B2
20120824,7.02,7.5,7.02,7.5,7.5,2708820,B2
20120827,7.45,7.45,7.18,7.23,7.23,3254300,B2
20120828,7.28,7.34,7.18,7.34,7.34,623760,B2
20120829,7.39,7.56,7.34,7.5,7.5,826820,B2
20120830,7.55,7.61,7.45,7.56,7.56,1010360,B2
20120831,7.45,7.56,7.4,7.4,7.4,808190,B2
20120904,7.51,7.56,7.4,7.45,7.45,495100,B2
20120905,7.5,7.5,7.34,7.45,7.45,709730,B2
20120906,7.45,7.5,7.4,7.4,7.4,607920,B2
20120907,7.4,7.4,7.29,7.4,7.4,426160,B2
20120910,7.4,7.4,7.18,7.18,7.18,808070,B2
20120911,7.18,7.29,7.18,7.29,7.29,496560,B2
20120912,7.29,7.4,7.24,7.23,7.23,212280,B2
20120913,7.23,7.34,7.23,7.34,7.34,343370,B2
20120914,7.39,7.45,7.34,7.45,7.45,432290,B2
20120917,7.4,7.5,7.4,7.4,7.4,565550,B2
20120918,7.4,7.4,7.18,7.23,7.23,879070,B2
20120919,7.18,7.28,7.18,7.29,7.29,500370,B2
20120920,7.24,7.24,6.97,7.07,7.07,1506930,B2
20120921,7.12,7.23,7.12,7.23,7.23,767240,B2
20120924,7.23,7.23,7.12,7.18,7.18,278620,B2
20120925,7.13,7.23,7.13,7.18,7.18,238450,B2
20120926,7.18,7.23,7.18,7.23,7.23,311770,B2
20120927,7.23,7.23,7.18,7.18,7.18,393620,B2
20120928,7.18,7.18,7.13,7.13,7.13,325970,B3
20121001,7.08,7.18,7.02,7.02,7.02,447580,B3
20121002,7.07,7.13,7.02,7.13,7.13,390840,B3
20121003,7.13,7.18,7.13,7.13,7.13,408390,B3
20121004,7.13,7.18,7.13,7.13,7.13,399370,B3
20121005,7.13,7.18,7.13,7.13,7.13,259300,B3
20121008,7.13,7.18,7.13,7.18,7.18,316440,B3
20121009,7.23,7.23,7.13,7.13,7.13,437740,B3
20121010,7.08,7.18,7.08,7.13,7.13,497840,B3
20121011,7.13,7.24,7.08,7.07,7.07,1730230,B3
20121012,7.07,7.12,7.02,7.07,7.07,796930,B3
20121015,7.12,7.12,7.02,7.02,7.02,535660,B3
20121016,7.02,7.13,7.02,7.07,7.07,1950110,B3
20121017,7.07,7.12,7.02,7.07,7.07,598300,B3
20121018,7.02,7.07,6.96,7.02,7.02,1345790,B3
20121019,7.02,7.02,6.91,6.96,6.96,656940,B3
20121022,6.96,6.96,6.85,6.86,6.86,810510,B3
20121023,6.86,6.91,6.81,6.86,6.86,393350,B3
20121024,6.86,6.91,6.81,6.8,6.8,296490,B3
20121025,6.8,6.85,6.75,6.8,6.8,473240,B3
20121026,6.8,6.85,6.75,6.75,6.75,295650,B3
20121029,6.8,6.91,6.75,6.86,6.86,368390,B3
20121030,6.86,6.86,6.81,6.8,6.8,311190,B3
20121031,6.8,6.85,6.75,6.86,6.86,386190,B3
20121101,6.91,7.18,6.91,7.13,7.13,4204300,B3
20121102,6.97,7.02,6.91,7.02,7.02,2012910,B3
20121105,6.97,7.07,6.97,6.96,6.96,1434880,B3
20121106,7.01,7.07,6.96,7.02,7.02,880410,B3
20121107,7.02,7.18,7.02,7.07,7.07,1644630,B3
20121108,7.07,7.23,7.02,7.23,7.23,2239520,B3
20121109,7.23,7.28,7.12,7.23,7.23,2741870,B3
20121112,7.23,7.34,7.18,7.34,7.34,2697560,B3
20121113,7.4,7.46,7.28,7.34,7.34,1422330,B3
20121114,7.28,7.34,7.22,7.23,7.23,2492410,B3
20121115,7.23,7.23,7.11,7.11,7.11,483800,B3
20121116,7.11,7.17,7.11,7.17,7.17,459130,B3
20121119,7.23,7.23,7,6.99,6.99,1766160,B3
20121120,6.99,7.11,6.99,7.05,7.05,523960,B3
20121121,7.11,7.11,7.05,7.05,7.05,1230140,B3
20121122,7.11,7.11,6.99,7.05,7.05,696940,B3
20121123,7.05,7.11,7.05,7.05,7.05,319780,B3
20121126,7.05,7.17,6.99,6.99,6.99,809140,B3
20121127,6.99,7.11,6.99,7.05,7.05,593940,B3
20121128,7.05,7.11,6.99,7.05,7.05,306910,B3
20121129,7.11,7.11,7.05,7.11,7.11,405440,B3
20121130,7.11,7.17,7.05,7.11,7.11,632680,B3
20121203,7.11,7.11,7.05,7.11,7.11,426210,B3
20121204,7.11,7.17,7.05,7.11,7.11,396150,B3
20121205,7.11,7.23,7.11,7.17,7.17,1519840,B3
20121206,7.17,7.23,7.11,7.17,7.17,856290,B3
20121207,7.17,7.23,7.11,7.11,7.11,761280,B3
20121210,7.11,7.23,7.05,7.17,7.17,965460,B3
20121211,7.17,7.17,7.11,7.17,7.17,625520,B3
20121212,7.17,7.29,7.17,7.23,7.23,1028020,B3
20121213,7.29,7.29,7.17,7.17,7.17,679410,B3
20121214,7.17,7.46,7.17,7.29,7.29,1261880,B3
20121217,7.29,7.29,7.23,7.23,7.23,427310,B3
20121218,7.29,7.29,7.17,7.17,7.17,354780,B3
20121219,7.23,7.29,7.17,7.23,7.23,731270,B3
20121220,7.29,7.29,7.17,7.23,7.23,1156600,B3
20121221,7.17,7.23,7.17,7.23,7.23,564080,B3
20121224,7.23,7.29,7.17,7.23,7.23,567730,B3
20121225,7.23,7.29,7.17,7.17,7.17,507470,B3
20121226,7.17,7.29,7.17,7.29,7.29,540300,B3
20121227,7.29,7.41,7.29,7.35,7.35,2897410,B3
20121228,7.35,7.41,7.29,7.35,7.35,1108450,B3
20130102,7.41,7.7,7.41,7.7,7.7,3467810,B3
20130103,7.76,7.76,7.46,7.59,7.59,2020300,B3
20130104,7.59,7.71,7.47,7.64,7.64,1401390,B3
20130107,7.64,7.76,7.58,7.7,7.7,1625590,B3
20130108,7.64,8.05,7.64,8,8,5318350,B3
20130109,8.24,8.35,7.82,7.88,7.88,4792010,B3
20130110,7.88,8.17,7.82,8.17,8.17,2494950,B3
20130111,8.23,8.41,8.17,8.23,8.23,3715250,B3
20130114,8.11,8.23,7.94,8.17,8.17,2037060,B3
20130115,8.23,8.46,8.23,8.35,8.35,3057300,B3
20130116,8.41,8.53,8.35,8.47,8.47,4070240,B3
20130117,8.41,8.53,8.29,8.29,8.29,2785960,B3
20130118,8.29,8.35,8.11,8.29,8.29,4014940,B3
20130121,8.29,8.53,8.17,8.23,8.23,2241840,B3
20130122,8.17,8.23,7.94,8,8,1691970,B3
20130123,8.06,8.12,7.88,8,8,912980,B3
20130124,8.06,8.12,8,8.11,8.11,690290,B3
20130125,8.17,8.23,8.11,8.17,8.17,1045450,B3
20130128,8.17,8.41,8.17,8.23,8.23,3581900,B3
20130129,8.23,8.35,8.11,8.23,8.23,1889520,B3
20130130,8.23,8.35,8.17,8.29,8.29,2153660,B3
20130131,8.23,8.29,8.17,8.17,8.17,1224200,B3
20130201,8.17,8.17,8.05,8.17,8.17,582500,B3
20130204,8.17,8.23,8.05,8.06,8.06,692890,B3
20130205,8.12,8.12,7.94,8.06,8.06,1047720,B3
20130206,8.18,8.24,8.06,8.17,8.17,708940,B3
20130207,8.17,8.23,8.11,8.17,8.17,626850,B3
20130208,8.23,8.41,8.17,8.29,8.29,1154240,B3
20130218,8.35,8.41,8.23,8.41,8.41,2183370,B3
20130219,8.41,8.47,8.29,8.35,8.35,3043840,B3
20130220,8.29,8.35,8.23,8.29,8.29,810230,B3
20130221,8.29,8.35,8.05,8.06,8.06,1295440,B3
20130222,8.12,8.24,7.94,8.06,8.06,2559730,B3
20130225,8.12,8.12,8,8,8,635190,B3
20130226,8,8,7.76,7.76,7.76,1210770,B3
20130227,7.7,7.82,7.64,7.76,7.76,894980,B3
20130228,7.88,7.94,7.82,7.88,7.88,658650,B3
20130301,7.88,7.94,7.82,7.82,7.82,347490,B3
20130304,7.88,7.88,7.64,7.7,7.7,653150,B3
20130305,7.76,7.76,7.64,7.7,7.7,545480,B3
20130306,7.7,7.76,7.7,7.7,7.7,391390,B3
20130307,7.76,7.76,7.64,7.7,7.7,363780,B3
20130308,7.7,7.76,7.7,7.7,7.7,414720,B3
20130311,7.64,7.82,7.64,7.76,7.76,353380,B3
20130312,7.76,7.82,7.7,7.76,7.76,237010,B3
20130313,7.76,7.76,7.64,7.7,7.7,273610,B3
20130314,7.7,7.7,7.64,7.64,7.64,204060,B3
20130315,7.64,7.76,7.64,7.64,7.64,249840,B3
20130318,7.64,7.7,7.64,7.64,7.64,326950,B3
20130319,7.64,7.7,7.58,7.64,7.64,349100,B3
20130320,7.64,7.76,7.64,7.7,7.7,329070,B3
20130321,7.7,7.76,7.7,7.7,7.7,239210,B3
20130322,7.7,7.76,7.64,7.64,7.64,502930,B3
20130325,7.64,7.7,7.58,7.7,7.7,735850,B3
20130326,7.7,7.76,7.64,7.7,7.7,195680,B3
20130327,7.7,7.7,7.64,7.64,7.64,180740,B3
20130328,7.64,7.64,7.58,7.59,7.59,322200,B3
20130329,7.59,7.65,7.53,7.59,7.59,215300,B3
20130401,7.65,7.71,7.59,7.7,7.7,506730,B3
20130402,7.7,7.82,7.7,7.76,7.76,951800,B3
20130403,7.76,7.82,7.7,7.7,7.7,344920,B3
20130404,7.7,7.7,7.64,7.64,7.64,875350,B3
20130405,7.64,7.7,7.58,7.64,7.64,794100,B3
20130408,7.7,7.76,7.7,7.76,7.76,465270,B3
20130409,7.82,7.88,7.76,7.88,7.88,734400,B3
20130410,7.88,7.88,7.64,7.64,7.64,507900,B3
20130411,7.7,7.76,7.64,7.7,7.7,411490,B3
20130412,7.7,7.76,7.58,7.64,7.64,644140,B3
20130415,7.7,7.7,7.52,7.59,7.59,744860,B3
20130416,7.59,7.65,7.53,7.59,7.59,771030,B3
20130417,7.59,7.65,7.59,7.59,7.59,266240,B3
20130418,7.59,7.59,7.53,7.53,7.53,331530,B3
20130422,7.53,7.59,7.53,7.53,7.53,334160,B3
20130423,7.53,7.65,7.53,7.59,7.59,287080,B3
20130424,7.65,7.65,7.53,7.53,7.53,579230,B3
20130425,7.59,7.65,7.53,7.59,7.59,360390,B3
20130426,7.59,7.65,7.59,7.59,7.59,299830,B3
20130502,7.59,7.65,7.53,7.53,7.53,367220,B3
20130503,7.53,7.65,7.53,7.64,7.64,648040,B3
20130506,7.64,7.7,7.58,7.7,7.7,618290,B3
20130507,7.76,7.76,7.58,7.64,7.64,398980,B3
20130508,7.64,7.64,7.58,7.64,7.64,541270,B3
20130509,7.58,7.64,7.58,7.64,7.64,470480,B3
20130510,7.64,7.7,7.58,7.64,7.64,377840,B3
20130513,7.64,7.7,7.58,7.59,7.59,315920,B3
20130514,7.71,7.71,7.65,7.64,7.64,428420,B3
20130515,7.7,7.82,7.64,7.76,7.76,558920,B3
20130516,7.7,7.82,7.7,7.76,7.76,314270,B3
20130517,7.7,7.82,7.7,7.76,7.76,390120,B3
20130520,7.7,7.76,7.7,7.76,7.76,425970,B3
20130521,7.76,7.82,7.76,7.76,7.76,606810,B3
20130522,7.82,7.88,7.76,7.82,7.82,581020,B3
20130523,7.82,7.88,7.76,7.76,7.76,458260,B3
20130524,7.76,7.82,7.76,7.76,7.76,392650,B3
20130527,7.82,7.94,7.82,7.88,7.88,865170,B3
20130528,7.88,7.94,7.82,7.88,7.88,249690,B3
20130529,7.88,7.94,7.82,7.88,7.88,736870,B3
20130530,7.88,7.88,7.82,7.88,7.88,266880,B3
20130531,7.94,8.12,7.94,8,8,1646700,B3
20130603,7.94,8,7.94,7.94,7.94,568890,B3
20130604,7.94,7.94,7.82,7.82,7.82,519760,B3
20130605,7.82,7.88,7.76,7.88,7.88,465310,B3
20130606,7.88,7.94,7.82,7.88,7.88,765270,B3
20130607,7.88,8,7.88,8,8,1191780,B3
20130610,8.12,8.12,8,8,8,860780,B3
20130611,8,8.06,7.94,7.94,7.94,664780,B3
20130612,7.94,8,7.88,7.94,7.94,753660,B3
20130613,7.94,7.94,7.82,7.88,7.88,487010,B3
20130614,7.94,7.94,7.88,7.88,7.88,410920,B3
20130617,7.88,7.88,7.76,7.76,7.76,1028200,B3
20130618,7.76,7.82,7.7,7.76,7.76,616320,B3
20130619,7.76,7.88,7.76,7.82,7.82,505280,B3
20130620,7.82,7.88,7.76,7.76,7.76,765110,B3
20130621,7.76,7.82,7.76,7.76,7.76,536240,B3
20130624,7.82,7.82,7.76,7.82,7.82,703510,B3
20130625,7.76,7.82,7.7,7.76,7.76,1774740,B3
20130626,7.76,7.82,7.7,7.76,7.76,520020,B3
20130627,7.76,7.88,7.76,7.88,7.88,531550,B3
20130628,7.82,7.88,7.76,7.88,7.88,362810,B3
20130701,7.76,7.82,7.76,7.76,7.76,281300,B3
20130702,7.76,7.82,7.76,7.82,7.82,509220,B3
20130703,7.76,7.82,7.76,7.82,7.82,831040,B3
20130704,7.82,7.88,7.76,7.82,7.82,346810,B3
20130705,7.82,7.88,7.82,7.82,7.82,380890,B3
20130708,7.82,7.88,7.76,7.82,7.82,410890,B3
20130709,7.76,7.82,7.76,7.82,7.82,294970,B3
20130710,7.82,7.88,7.76,7.82,7.82,344340,B3
20130711,7.82,7.82,7.82,7.82,7.82,359890,B3
20130712,7.82,7.88,7.82,7.82,7.82,289690,B3
20130715,7.82,7.88,7.76,7.88,7.88,287300,B3
20130716,7.88,7.88,7.82,7.88,7.88,312920,B3
20130717,7.82,7.88,7.82,7.88,7.88,178290,B3
20130718,7.82,7.88,7.82,7.82,7.82,175410,B3
20130719,7.88,7.88,7.82,7.88,7.88,382790,B3
20130722,7.88,7.88,7.82,7.82,7.82,267870,B3
20130723,7.82,7.88,7.82,7.82,7.82,129910,B3
20130724,7.82,7.88,7.82,7.82,7.82,514010,B3
20130725,7.82,7.88,7.76,7.76,7.76,357750,B3
20130726,7.82,7.88,7.76,7.76,7.76,589750,B3
20130729,7.82,7.88,7.76,7.82,7.82,391190,B3
20130730,7.82,7.88,7.76,7.82,7.82,481030,B3
20130731,7.82,7.88,7.82,7.82,7.82,336780,B3
20130801,7.82,7.88,7.82,7.82,7.82,755430,B3
20130802,7.82,7.88,7.76,7.82,7.82,265440,B3
20130805,7.82,7.82,7.82,7.82,7.82,637810,B3
20130806,7.82,7.88,7.82,7.88,7.88,222960,B3
20130807,7.82,7.88,7.82,7.82,7.82,278990,B3
20130808,7.82,7.88,7.82,7.88,7.88,140320,B3
20130809,7.82,7.88,7.82,7.82,7.82,286160,B3
20130812,7.82,7.88,7.82,7.82,7.82,95720,B3
20130813,7.82,7.88,7.82,7.82,7.82,201820,B3
20130814,7.82,7.88,7.82,7.82,7.82,470840,B3
20130815,7.82,7.88,7.82,7.88,7.88,494890,B3
20130816,7.88,7.88,7.82,7.82,7.82,365900,B3
20130819,7.82,7.94,7.82,7.88,7.88,837490,B3
20130820,7.88,7.94,7.82,7.88,7.88,142260,B3
20130821,7.88,7.88,7.82,7.88,7.88,411140,B3
20130822,7.82,7.88,7.82,7.88,7.88,207500,B3
20130823,7.82,7.88,7.82,7.82,7.82,444480,B3
20130826,7.82,7.82,7.76,7.82,7.82,468960,B3
20130827,7.82,7.88,7.76,7.82,7.82,302180,B3
20130828,7.82,7.82,7.7,7.82,7.82,361880,B3
20130829,7.76,7.82,7.76,7.76,7.76,104780,B3
20130830,7.76,7.82,7.76,7.82,7.82,110370,B3
20130903,7.82,7.82,7.76,7.76,7.76,205090,B3
20130904,7.76,7.82,7.7,7.76,7.76,70550,B3
20130905,7.76,7.82,7.7,7.76,7.76,236130,B3
20130906,7.76,7.82,7.76,7.82,7.82,158270,B3
20130909,7.76,7.82,7.7,7.7,7.7,354850,B3
20130910,7.76,7.82,7.7,7.76,7.76,196180,B3
20130911,7.76,7.82,7.76,7.76,7.76,312830,B3
20130912,7.76,7.82,7.7,7.76,7.76,564020,B3
20130913,7.76,7.82,7.7,7.76,7.76,519100,B3
20130916,7.76,7.82,7.7,7.76,7.76,211310,B3
20130917,7.76,7.82,7.76,7.76,7.76,230080,B3
20130918,7.76,7.82,7.7,7.76,7.76,250620,B3
20130919,7.76,7.82,7.76,7.76,7.76,222000,B3
20130920,7.76,7.82,7.7,7.82,7.82,347410,B3
20130923,7.82,7.82,7.7,7.82,7.82,183980,B3
20130924,7.82,7.88,7.82,7.88,7.88,341050,B3
20130925,7.88,8.12,7.82,8.06,8.06,1416110,B3
20130926,8.12,8.12,8,8.06,8.06,425120,B3
20130927,8.06,8.12,8,8,8,430700,B3
20130930,8,8.06,8,8.06,8.06,369960,B3
20131001,8.06,8.24,8.06,8.18,8.18,1298020,B3
20131002,8.18,8.3,8.18,8.24,8.24,1210410,B3
20131003,8.3,8.3,8.18,8.18,8.18,956610,B3
20131004,8.18,8.24,8.12,8.18,8.18,611030,B3
20131007,8.12,8.24,8.12,8.18,8.18,631380,B3
20131008,8.24,8.36,8.24,8.3,8.3,1641820,B3
20131009,8.3,8.36,8.24,8.24,8.24,1080610,B3
20131010,8.24,8.3,8.18,8.18,8.18,525210,B3
20131011,8.18,8.24,8.12,8.18,8.18,651400,B3
20131014,8.24,8.24,8.18,8.24,8.24,483400,B3
20131015,8.24,8.24,8.18,8.24,8.24,1616780,B3
20131016,8.3,8.37,8.24,8.27,8.27,626990,B3
20131017,8.33,8.4,8.27,8.4,8.4,454070,B3
20131018,8.34,8.4,8.27,8.4,8.4,147730,B3
20131021,8.4,8.4,8.27,8.27,8.27,449440,B3
20131022,8.27,8.33,8.21,8.27,8.27,440790,B3
20131023,8.27,8.33,8.27,8.27,8.27,180660,B3
20131024,8.27,8.33,8.27,8.27,8.27,392840,B3
20131025,8.27,8.27,8.21,8.27,8.27,61500,B3
20131028,8.27,8.27,8.21,8.21,8.21,222460,B3
20131029,8.21,8.21,8.15,8.14,8.14,182460,B3
20131030,8.14,8.2,8.14,8.21,8.21,58240,B3
20131031,8.21,8.21,8.15,8.14,8.14,80540,B3
20131101,8.14,8.2,8.14,8.14,8.14,146390,B3
20131104,8.14,8.2,8.01,8.21,8.21,497390,B3
20131105,8.21,8.21,8.15,8.14,8.14,138690,B3
20131106,8.14,8.27,8.14,8.21,8.21,427090,B3
20131107,8.21,8.27,8.15,8.14,8.14,364380,B3
20131108,8.14,8.2,8.14,8.14,8.14,258040,B3
20131111,8.14,8.2,8.14,8.21,8.21,276310,B3
20131112,8.27,8.27,8.15,8.14,8.14,728900,B3
20131113,8.2,8.2,8.08,8.14,8.14,214960,B3
20131114,8.14,8.2,8.08,8.14,8.14,196350,B3
20131115,8.14,8.2,8.08,8.14,8.14,399970,B3
20131118,8.14,8.27,8.08,8.21,8.21,595990,B3
20131119,8.21,8.21,8.15,8.21,8.21,273860,B3
20131120,8.15,8.27,8.15,8.27,8.27,213020,B3
20131121,8.21,8.33,8.21,8.21,8.21,757430,B3
20131122,8.27,8.27,8.21,8.27,8.27,147460,B3
20131125,8.27,8.27,8.21,8.21,8.21,357430,B3
20131126,8.21,8.27,8.15,8.21,8.21,351830,B3
20131127,8.27,8.27,8.21,8.21,8.21,177180,B3
20131128,8.21,8.27,8.15,8.21,8.21,283310,B3
20131129,8.21,8.21,8.15,8.14,8.14,191910,B3
20131202,8.2,8.2,8.14,8.14,8.14,92730,B3
20131203,8.2,8.27,8.14,8.21,8.21,380570,B3
20131204,8.27,8.27,8.15,8.14,8.14,210470,B3
20131205,8.2,8.2,8.14,8.21,8.21,314300,B3
20131206,8.21,8.21,8.15,8.21,8.21,271550,B3
20131209,8.21,8.21,8.08,8.14,8.14,770850,B3
20131210,8.14,8.2,8.08,8.14,8.14,297450,B3
20131211,8.14,8.14,8.01,8.01,8.01,338200,B3
20131212,8.07,8.14,8.01,8.08,8.08,236130,B3
20131213,8.08,8.14,8.08,8.14,8.14,347200,B3
20131216,8.08,8.14,8.08,8.14,8.14,467350,B3
20131217,8.14,8.2,8.08,8.14,8.14,219210,B3
20131218,8.08,8.2,8.01,8.08,8.08,435950,B3
20131219,8.14,8.14,8.08,8.08,8.08,410650,B3
20131220,8.08,8.08,8.02,8.08,8.08,677370,B3
20131223,8.08,8.14,8.02,8.01,8.01,376080,B3
20131224,8.01,8.07,8.01,8.08,8.08,226370,B3
20131225,8.08,8.08,8.02,8.01,8.01,198460,B3
20131226,8.01,8.07,8.01,8.01,8.01,665910,B3
20131227,8.01,8.07,8.01,8.01,8.01,240310,B3
20131230,8.01,8.07,7.95,8.01,8.01,579910,B3
20131231,8.01,8.14,7.95,8.14,8.14,488350,B3
20140102,8.08,8.14,8.01,8.01,8.01,125070,B3
20140103,8.01,8.07,8.01,8.01,8.01,213140,B3
20140106,8.01,8.07,8.01,8.01,8.01,270860,B3
20140107,8.14,8.33,8.14,8.21,8.21,1520860,B3
20140108,8.21,8.21,8.15,8.14,8.14,646350,B3
20140109,8.14,8.2,8.14,8.14,8.14,421950,B3
20140110,8.14,8.27,8.14,8.14,8.14,738190,B3
20140113,8.2,8.2,8.08,8.08,8.08,550390,B3
20140114,8.14,8.21,8.14,8.14,8.14,732220,B3
20140115,8.2,8.2,8.14,8.21,8.21,480610,B3
20140116,8.15,8.21,8.15,8.14,8.14,443860,B3
20140117,8.2,8.65,8.2,8.46,8.46,3089980,B3
20140120,8.52,8.72,8.52,8.53,8.53,1613130,B3
20140121,8.66,8.79,8.53,8.78,8.78,2699220,B3
20140122,8.72,8.91,8.72,8.78,8.78,2948250,B3
20140123,8.78,8.84,8.72,8.78,8.78,1427710,B3
20140124,8.78,8.84,8.72,8.78,8.78,1470880,B3
20140127,8.72,8.84,8.72,8.85,8.85,552560,B3
20140206,8.85,8.85,8.72,8.78,8.78,578490,B3
20140207,8.78,8.91,8.78,8.78,8.78,1376620,B3
20140210,8.78,8.91,8.78,8.85,8.85,1300900,B3
20140211,8.85,8.91,8.79,8.78,8.78,2417270,B3
20140212,8.84,9.04,8.78,8.97,8.97,3141110,B3
20140213,9.1,9.42,9.1,9.42,9.42,6852050,B3
20140214,9.55,9.61,9.42,9.49,9.49,2633010,B3
20140217,9.49,9.49,9.23,9.29,9.29,3242230,B3
20140218,9.23,9.35,9.23,9.36,9.36,3244690,B3
20140219,9.42,9.62,9.36,9.62,9.62,4012400,B3
20140220,9.68,10,9.49,9.62,9.62,6659500,B3
20140221,9.62,9.75,9.49,9.55,9.55,2006960,B3
20140224,9.61,9.61,9.49,9.62,9.62,2315390,B3
20140225,9.56,9.81,9.49,9.74,9.74,3627860,B3
20140226,9.8,9.93,9.74,9.87,9.87,4147670,B3
20140227,9.87,10.25,9.81,10,10,6217030,B3
20140228,10,10.06,9.87,9.94,9.94,2717910,B3
20140303,9.94,9.94,9.62,9.62,9.62,2970530,B3
20140304,9.56,9.62,9.36,9.62,9.62,2458690,B3
20140305,9.62,9.75,9.62,9.68,9.68,2329420,B3
20140306,9.68,9.74,9.62,9.68,9.68,1170540,B3
20140307,9.68,9.74,9.55,9.62,9.62,1660070,B3
20140310,9.62,9.75,9.56,9.68,9.68,2597570,B3
20140311,9.68,9.81,9.62,9.74,9.74,2396710,B3
20140312,9.74,9.87,9.68,9.68,9.68,2247380,B3
20140313,9.62,9.74,9.62,9.68,9.68,1741220,B3
20140314,9.68,9.81,9.62,9.68,9.68,2641560,B3
20140317,9.74,9.81,9.68,9.68,9.68,1838780,B3
20140318,9.74,9.81,9.62,9.81,9.81,2915090,B3
20140319,9.87,10.26,9.81,10.26,10.26,7541750,B3
20140320,10.26,10.52,10.13,10.19,10.19,5565430,B3
20140321,10.25,10.64,10.19,10.51,10.51,6834590,B3
20140324,10.57,10.83,10.57,10.77,10.77,5382190,B3
20140325,10.83,10.83,10.45,10.45,10.45,4870630,B3
20140326,10.51,10.51,10.07,10.13,10.13,5142690,B3
20140327,10.13,10.26,10,10.26,10.26,2811080,B3
20140328,10.26,10.39,10.2,10.32,10.32,1645610,B3
20140331,10.38,10.38,10.19,10.19,10.19,2106550,B3
20140401,10.13,10.19,9.87,9.94,9.94,3333740,B3
20140402,9.94,10.07,9.75,9.94,9.94,2530180,B3
20140403,10,10.13,9.94,10.13,10.13,976870,B3
20140404,10,10.13,9.94,10,10,776860,B3
20140407,10.06,10.19,10,10.06,10.06,1281930,B3
20140408,10.06,10.19,10,10.06,10.06,1251680,B3
20140410,10.06,10.12,9.87,9.94,9.94,1957110,B3
20140411,9.94,9.94,9.81,9.94,9.94,1323020,B3
20140414,10,10,9.88,9.87,9.87,1580460,B3
20140415,9.81,9.87,9.55,9.55,9.55,2769040,B3
20140416,9.55,9.55,9.04,9.36,9.36,3098770,B3
20140417,9.49,9.49,9.3,9.36,9.36,1516390,B3
20140418,9.36,9.36,8.91,8.91,8.91,3591990,B3
20140421,8.91,9.1,8.78,8.91,8.91,1287910,B3
20140422,8.97,9.23,8.91,9.23,9.23,914490,B3
20140423,9.23,9.29,9.1,9.1,9.1,794260,B3
20140424,9.1,9.16,8.97,8.97,8.97,838630,B3
20140425,8.97,9.1,8.97,9.04,9.04,660720,B3
20140428,9.04,9.1,8.98,8.97,8.97,432590,B3
20140429,8.97,9.03,8.91,8.97,8.97,352540,B3
20140505,8.97,8.97,8.71,8.85,8.85,648040,B3
20140506,8.79,8.79,8.53,8.72,8.72,1852700,B3
20140507,8.78,8.85,8.66,8.78,8.78,396380,B3
20140508,8.59,8.59,8.2,8.27,8.27,6621720,B3
20140509,8.33,8.59,8.33,8.53,8.53,880850,B3
20140512,8.4,8.4,8.08,8.27,8.27,3245630,B3
20140513,8.27,8.4,8.27,8.33,8.33,1240040,B3
20140514,8.33,8.52,8.27,8.53,8.53,1187200,B3
20140515,8.47,8.66,8.21,8.33,8.33,1908310,B3
20140516,8.33,8.46,8.27,8.4,8.4,569040,B3
20140519,8.4,8.46,8.27,8.46,8.46,782650,B3
20140520,8.33,8.46,8.33,8.46,8.46,524770,B3
20140521,8.46,8.65,8.33,8.59,8.59,1335510,B3
20140522,8.65,8.72,8.53,8.59,8.59,1439000,B3
20140523,8.59,8.65,8.53,8.59,8.59,508410,B3
20140526,8.59,8.59,8.4,8.53,8.53,795420,B3
20140527,8.53,8.66,8.47,8.65,8.65,1013080,B3
20140528,8.71,8.78,8.65,8.65,8.65,1560640,B3
20140529,8.65,8.91,8.65,8.78,8.78,2629400,B3
20140530,8.72,8.84,8.72,8.85,8.85,723650,B3
20140602,8.79,8.85,8.59,8.59,8.59,581000,B3
20140603,8.59,8.65,8.59,8.59,8.59,417720,B3
20140604,8.65,8.65,8.46,8.53,8.53,845820,B3
20140605,8.47,8.59,8.4,8.53,8.53,369090,B3
20140606,8.53,8.66,8.53,8.65,8.65,467340,B3
20140609,8.65,8.78,8.52,8.65,8.65,1624440,B3
20140610,8.65,8.78,8.59,8.65,8.65,1015020,B3
20140611,8.65,8.78,8.59,8.72,8.72,983710,B3
20140612,8.72,8.98,8.72,8.78,8.78,1982880,B3
20140613,8.84,8.91,8.78,8.85,8.85,264600,B3
20140616,8.85,8.85,8.72,8.72,8.72,669990,B3
20140617,8.72,8.78,8.72,8.72,8.72,527160,B3
20140618,8.72,8.78,8.72,8.72,8.72,785740,B3
20140619,8.66,8.72,8.53,8.65,8.65,727000,B3
20140620,8.65,8.71,8.65,8.65,8.65,383890,B3
20140623,8.65,8.71,8.59,8.65,8.65,525630,B3
20140624,8.71,8.84,8.65,8.78,8.78,834790,B3
20140625,8.84,9.16,8.78,9.17,9.17,3372220,B3
20140626,9.17,9.17,9.04,9.1,9.1,1106370,B3
20140627,8.97,9.1,8.97,8.97,8.97,742690,B3
20140630,8.97,8.97,8.84,8.85,8.85,916070,B3
20140701,8.85,8.98,8.85,8.91,8.91,665770,B3
20140702,8.91,8.97,8.85,8.91,8.91,880150,B3
20140703,8.91,9.1,8.91,8.97,8.97,2153180,B3
20140704,9.03,9.03,8.91,9.04,9.04,1186850,B3
20140707,9.04,9.17,8.98,9.1,9.1,2111560,B3
20140708,9.04,9.1,8.91,8.97,8.97,1235560,B3
20140709,9.03,9.03,8.97,8.97,8.97,829520,B3
20140710,8.97,8.97,8.78,8.91,8.91,1341170,B3
20140711,8.91,8.91,8.78,8.91,8.91,656130,B3
20140714,8.91,8.91,8.85,8.91,8.91,192510,B3
20140715,9.04,9.04,8.91,8.97,8.97,2059270,B3
20140716,9.1,9.1,8.97,8.97,8.97,3648470,B3
20140717,8.97,8.97,8.91,8.91,8.91,789300,B3
20140718,8.91,8.97,8.85,8.97,8.97,1117290,B3
20140721,8.97,8.97,8.91,8.91,8.91,1119410,B3
20140722,8.91,8.91,8.85,8.85,8.85,621310,B3
20140723,8.91,8.91,8.85,8.91,8.91,1360370,B3
20140724,8.85,8.97,8.85,8.85,8.85,802810,B3
20140725,8.91,8.98,8.85,8.85,8.85,878970,B3
20140728,8.85,8.91,8.66,8.72,8.72,1671430,B3
20140729,8.66,8.78,8.66,8.72,8.72,1431610,B3
20140730,8.72,8.78,8.59,8.65,8.65,700320,B3
20140731,8.65,8.71,8.65,8.72,8.72,500800,B3
20140801,8.72,8.72,8.59,8.65,8.65,685330,B3
20140804,8.65,8.71,8.59,8.65,8.65,534420,B3
20140805,8.71,8.78,8.65,8.78,8.78,496230,B3
20140806,8.78,8.84,8.72,8.72,8.72,1214560,B3
20140807,8.72,8.85,8.72,8.85,8.85,487940,B3
20140808,8.85,8.85,8.79,8.78,8.78,705790,B3
20140811,8.78,8.84,8.72,8.85,8.85,1010680,B3
20140812,8.79,8.85,8.79,8.85,8.85,855180,B3
20140813,8.79,8.85,8.72,8.78,8.78,1092510,B3
20140814,8.78,8.84,8.72,8.85,8.85,1775270,B3
20140815,8.79,8.85,8.79,8.78,8.78,860100,B3
20140818,8.78,8.78,8.72,8.78,8.78,1048380,B3
20140819,8.78,8.91,8.78,8.78,8.78,1511720,B3
20140820,8.78,8.84,8.78,8.85,8.85,896570,B3
20140821,8.85,8.91,8.79,8.78,8.78,1256740,B3
20140822,8.84,8.91,8.78,8.85,8.85,915930,B3
20140825,8.91,8.98,8.85,8.91,8.91,1591520,B3
20140826,8.91,8.91,8.85,8.91,8.91,1441620,B3
20140827,8.91,8.91,8.85,8.85,8.85,1066870,B3
20140828,8.85,8.91,8.79,8.91,8.91,879100,B3
20140829,8.91,9.17,8.85,8.97,8.97,2305480,B3
20140903,9.16,9.29,9.1,9.17,9.17,2041490,B3
20140904,9.11,9.17,9.04,9.1,9.1,1161280,B3
20140905,9.1,9.16,9.04,9.1,9.1,1062560,B3
20140908,9.16,9.16,9.04,9.04,9.04,1400480,B3
20140909,9.04,9.1,8.85,8.91,8.91,3348570,B3
20140910,9.04,9.11,8.91,9.05,9.05,1992660,B3
20140911,9.05,9.12,8.98,9.05,9.05,648110,B3
20140912,8.98,9.12,8.98,9.05,9.05,1193580,B3
20140915,9.05,9.12,8.98,8.98,8.98,692730,B3
20140916,8.98,8.98,8.85,8.98,8.98,1272580,B3
20140917,8.98,9.05,8.98,9.05,9.05,1661530,B3
20140918,8.98,9.05,8.92,8.98,8.98,1172170,B3
20140919,8.91,8.98,8.85,8.91,8.91,587840,B3
20140922,8.91,8.98,8.84,8.85,8.85,385040,B3
20140923,8.85,8.98,8.85,8.91,8.91,594530,B3
20140924,8.91,8.98,8.91,8.98,8.98,399700,B3
20140925,8.91,8.98,8.91,8.98,8.98,924500,B3
20140926,8.98,9.05,8.91,8.98,8.98,743090,B3
20140929,8.98,9.05,8.91,8.91,8.91,720550,B3
20140930,8.91,9.04,8.91,8.98,8.98,506940,B3
20141001,8.98,9.05,8.91,8.98,8.98,1116460,B3
20141002,8.98,9.11,8.98,9.05,9.05,1497020,B3
20141003,9.05,9.12,8.98,8.98,8.98,951560,B3
20141006,9.05,9.18,8.98,9.11,9.11,1210030,B3
20141007,9.11,9.18,9.04,9.05,9.05,244930,B3
20141008,9.05,9.12,8.98,9.05,9.05,850870,B3
20141009,9.12,9.12,8.98,9.05,9.05,506090,B3
20141010,9.05,9.05,8.98,9.05,9.05,390090,B3
20141013,9.18,9.31,9.12,9.24,9.24,3493510,B3
20141014,9.31,9.31,9.11,9.11,9.11,709110,B3
20141015,9.11,9.24,9.11,9.24,9.24,1238560,B3
20141016,9.17,9.17,9.04,9.18,9.18,1622410,B3
20141017,9.11,9.25,8.98,9.24,9.24,1417160,B3
20141020,9.17,9.24,9.11,9.11,9.11,669830,B3
20141021,9.18,9.24,9.11,9.18,9.18,687720,B3
20141022,9.25,9.31,9.18,9.18,9.18,1330620,B3
20141023,9.18,9.25,9.11,9.11,9.11,950980,B3
20141024,9.11,9.18,9.11,9.18,9.18,684000,B3
20141027,9.11,9.18,9.05,9.18,9.18,880090,B3
20141028,9.11,9.18,9.11,9.18,9.18,965920,B3
20141029,9.39,9.39,9.11,9.32,9.32,693260,B3
20141030,9.32,9.32,9.11,9.11,9.11,1607720,B3
20141031,9.11,9.25,9.04,9.25,9.25,1745330,B3
20141103,9.25,9.25,9.18,9.18,9.18,567520,B3
20141104,9.18,9.18,9.11,9.18,9.18,157210,B3
20141105,9.18,9.18,9.04,9.11,9.11,382670,B3
20141106,9.11,9.18,9.04,9.11,9.11,282990,B3
20141107,9.11,9.25,9.04,9.18,9.18,771530,B3
20141110,9.25,9.25,9.11,9.11,9.11,593510,B3
20141111,9.18,9.18,9.11,9.18,9.18,448120,B3
20141112,9.18,9.25,9.11,9.18,9.18,655920,B3
20141113,9.18,9.18,9.11,9.18,9.18,254930,B3
20141114,9.18,9.18,9.11,9.18,9.18,924730,B3
20141117,9.18,9.25,9.11,9.18,9.18,1190880,B3
20141118,9.18,9.18,9.11,9.11,9.11,556570,B3
20141119,9.11,9.18,9.04,9.04,9.04,890200,B3
20141120,9.11,9.11,8.97,8.97,8.97,1298520,B3
20141121,8.97,9.04,8.9,8.97,8.97,1829610,B3
20141124,8.9,8.97,8.83,8.83,8.83,823180,B3
20141125,8.9,8.97,8.83,8.9,8.9,616160,B3
20141126,8.9,8.97,8.83,8.83,8.83,796700,B3
20141127,8.83,8.9,8.76,8.76,8.76,457370,B3
20141128,8.9,8.9,8.76,8.9,8.9,359060,B3
20141201,8.83,8.9,8.83,8.83,8.83,327030,B3
20141202,8.83,8.9,8.76,8.83,8.83,349130,B3
20141203,8.9,9.04,8.83,8.97,8.97,593850,B3
20141204,8.97,9.39,8.9,9.25,9.25,2000810,B3
20141205,9.32,9.32,9.11,9.25,9.25,720610,B3
20141208,9.18,9.18,9.04,9.11,9.11,558640,B3
20141209,9.11,9.11,8.9,8.97,8.97,1427680,B3
20141210,8.97,9.04,8.9,8.97,8.97,1252100,B3
20141211,8.97,9.25,8.9,9.11,9.11,1505680,B3
20141212,9.11,9.18,9.04,9.04,9.04,1018370,B3
20141215,8.97,9.11,8.97,9.04,9.04,357340,B3
20141216,9.04,9.04,8.9,8.9,8.9,733210,B3
20141217,8.97,9.04,8.69,8.83,8.83,1527770,B3
20141218,8.83,8.97,8.83,8.9,8.9,479680,B3
20141219,8.97,8.97,8.83,8.83,8.83,607190,B3
20141222,8.83,8.97,8.83,8.9,8.9,344370,B3
20141223,8.9,9.04,8.9,8.97,8.97,1077860,B3
20141224,9.04,9.18,8.97,9.04,9.04,697550,B3
20141225,9.04,9.11,9.04,9.04,9.04,460540,B3
20141226,9.04,9.04,8.97,8.97,8.97,405990,B3
20141229,9.04,9.04,8.9,8.9,8.9,678590,B3
20141230,8.97,8.97,8.83,8.9,8.9,631620,B3
20141231,8.97,9.11,8.9,9.11,9.11,759120,B3
20150105,9.11,9.11,9.04,9.04,9.04,338650,B3
20150106,9.04,9.39,9.04,9.32,9.32,2865710,B3
20150107,9.39,9.6,9.32,9.39,9.39,2235000,B3
20150108,9.39,9.6,9.39,9.46,9.46,853040,B3
20150109,9.46,10.02,9.46,9.94,9.94,6690100,B3
20150112,10.08,10.22,9.87,9.87,9.87,6457090,B3
20150113,9.8,10.15,9.8,10.08,10.08,4780930,B3
20150114,10.01,10.15,9.8,9.94,9.94,3092460,B3
20150115,9.94,10.15,9.87,9.94,9.94,4482110,B3
20150116,9.87,9.94,9.73,9.73,9.73,2857070,B3
20150119,9.94,10.01,9.66,9.73,9.73,2836560,B3
20150120,9.73,9.94,9.73,9.8,9.8,2257840,B3
20150121,9.87,9.87,9.66,9.66,9.66,1816290,B3
20150122,9.66,10.08,9.59,10.01,10.01,6014660,B3
20150123,10.15,10.36,10.08,10.15,10.15,7613160,B3
20150126,10.15,10.29,10.08,10.15,10.15,1644100,B3
20150127,10.08,10.22,9.8,9.94,9.94,5627480,B3
20150128,9.87,10.5,9.8,10.36,10.36,8560780,B3
20150129,10.36,10.43,10.08,10.29,10.29,5333100,B3
20150130,10.15,10.22,9.8,9.87,9.87,3655070,B3
20150202,9.87,9.94,9.73,9.73,9.73,2831770,B3
20150203,9.73,9.8,9.24,9.25,9.25,4790370,B3
20150204,9.25,9.46,9.11,9.39,9.39,3785470,B3
20150205,9.39,9.53,9.39,9.46,9.46,1044340,B3
20150206,9.46,9.6,9.39,9.59,9.59,1218610,B3
20150209,9.59,9.73,9.52,9.66,9.66,2101760,B3
20150210,9.73,9.87,9.66,9.73,9.73,1683640,B3
20150211,9.73,9.8,9.73,9.8,9.8,815550,B3
20150212,9.8,9.8,9.66,9.73,9.73,1168750,B3
20150213,9.8,9.87,9.66,9.66,9.66,1071360,B3
20150224,9.73,9.94,9.73,9.87,9.87,1363550,B3
20150225,10.01,10.08,9.8,9.8,9.8,2674400,B3
20150226,9.87,9.94,9.8,9.94,9.94,1405810,B3
20150227,9.94,9.94,9.73,9.8,9.8,883710,B3
20150302,9.73,9.87,9.66,9.73,9.73,1396710,B3
20150303,9.73,9.87,9.73,9.8,9.8,1280240,B3
20150304,9.8,9.8,9.66,9.8,9.8,1161150,B3
20150305,9.73,9.8,9.66,9.66,9.66,1523640,B3
20150306,9.73,9.8,9.66,9.73,9.73,1162530,B3
20150309,9.73,9.8,9.66,9.66,9.66,1529560,B3
20150310,9.66,9.73,9.66,9.66,9.66,837490,B3
20150311,9.66,9.73,9.59,9.66,9.66,824160,B3
20150312,9.66,9.73,9.59,9.66,9.66,1310200,B3
20150313,9.66,9.8,9.66,9.66,9.66,710190,B3
20150316,9.66,9.66,9.59,9.59,9.59,966100,B3
20150317,9.59,9.66,9.52,9.59,9.59,961980,B3
20150318,9.59,9.59,9.45,9.52,9.52,1156620,B3
20150319,9.52,9.59,9.45,9.46,9.46,424960,B3
20150320,9.46,9.6,9.46,9.52,9.52,664200,B3
20150323,9.52,9.59,9.45,9.52,9.52,510730,B3
20150324,9.45,9.52,9.45,9.46,9.46,1140270,B3
20150325,9.46,9.6,9.46,9.46,9.46,1210870,B3
20150326,9.46,9.67,9.46,9.52,9.52,398710,B3
20150327,9.52,9.59,9.52,9.52,9.52,981990,B3
20150330,9.59,9.59,9.45,9.46,9.46,349140,B3
20150331,9.46,9.6,9.46,9.52,9.52,418840,B3
20150401,9.52,9.52,9.38,9.39,9.39,902740,B3
20150402,9.46,9.46,9.32,9.46,9.46,931300,B3
20150403,9.46,9.46,9.39,9.39,9.39,607180,B3
20150406,9.39,9.46,9.32,9.39,9.39,492520,B3
20150407,9.39,9.53,9.32,9.46,9.46,971130,B3
20150408,9.39,9.46,9.39,9.46,9.46,458930,B3
20150409,9.46,9.6,9.39,9.52,9.52,606680,B3
20150410,9.52,9.59,9.45,9.52,9.52,953060,B3
20150413,9.52,9.59,9.45,9.52,9.52,419360,B3
20150414,9.52,9.59,9.45,9.46,9.46,886440,B3
20150415,9.46,9.53,9.39,9.52,9.52,606310,B3
20150416,9.52,9.59,9.38,9.52,9.52,771020,B3
20150417,9.52,9.59,9.45,9.52,9.52,619720,B3
20150420,9.52,9.52,9.38,9.46,9.46,287530,B3
20150421,9.46,9.53,9.39,9.39,9.39,517430,B3
20150422,9.39,9.53,9.39,9.39,9.39,377740,B3
20150423,9.46,9.46,9.39,9.46,9.46,191450,B3
20150424,9.46,9.53,9.39,9.46,9.46,386230,B3
20150427,9.53,9.67,9.46,9.59,9.59,1172480,B3
20150504,9.52,9.52,9.31,9.32,9.32,939140,B3
20150505,9.32,9.46,9.32,9.39,9.39,794890,B3
20150506,9.39,9.46,9.25,9.32,9.32,861210,B3
20150507,9.25,9.39,9.25,9.32,9.32,427070,B3
20150508,9.32,9.39,9.32,9.39,9.39,230590,B3
20150511,9.39,9.39,9.25,9.25,9.25,265120,B3
20150512,9.25,9.25,9.11,9.11,9.11,416320,B3
20150513,9.18,9.18,9.11,9.18,9.18,199790,B3
20150514,9.18,9.25,9.11,9.18,9.18,272720,B3
20150515,9.18,9.18,9.11,9.11,9.11,168090,B3
20150518,9.11,9.11,8.97,8.97,8.97,665030,B3
20150519,8.97,9.11,8.97,9.04,9.04,406220,B3
20150520,9.11,9.18,9.04,9.18,9.18,481570,B3
20150521,9.25,9.32,9.18,9.25,9.25,402930,B3
20150522,9.25,9.39,9.18,9.32,9.32,582350,B3
20150525,9.25,9.39,9.25,9.25,9.25,560390,B3
20150526,9.25,9.39,9.25,9.32,9.32,642840,B3
20150527,9.25,9.39,9.25,9.32,9.32,636360,B3
20150528,9.32,9.95,9.25,9.66,9.66,6532720,B3
20150529,9.66,9.87,9.59,9.59,9.59,3528390,B3
20150601,9.73,10.08,9.59,9.87,9.87,4766000,B3
20150602,9.8,10.01,9.66,9.66,9.66,2960160,B3
20150603,9.66,9.73,9.59,9.59,9.59,1422140,B3
20150604,9.59,9.8,9.52,9.59,9.59,2219100,B3
20150605,9.66,9.8,9.52,9.66,9.66,2603520,B3
20150608,9.73,9.8,9.66,9.73,9.73,4005280,B3
20150609,9.66,9.8,9.59,9.59,9.59,1549350,B3
20150610,9.59,9.66,9.52,9.66,9.66,1093830,B3
20150611,9.66,9.73,9.59,9.59,9.59,1891530,B3
20150612,9.66,9.73,9.59,9.66,9.66,1052160,B3
20150615,9.73,10.29,9.73,10.29,10.29,10382520,B3
20150616,10.64,10.78,10.43,10.5,10.5,8532080,B3
20150617,10.5,10.64,10.36,10.57,10.57,4878730,B3
20150618,10.5,10.57,10.43,10.5,10.5,4673440,B3
20150619,10.57,10.71,10.43,10.43,10.43,4363330,B3
20150622,10.43,10.99,10.43,10.92,10.92,6794820,B3
20150623,10.92,11.2,10.85,10.98,10.98,6489080,B3
20150624,10.98,11.05,10.84,10.85,10.85,3338520,B3
20150625,10.85,10.92,10.71,10.71,10.71,4039880,B3
20150626,10.71,10.85,10.57,10.57,10.57,5201080,B3
20150629,10.5,10.78,10.43,10.78,10.78,3907980,B3
20150630,10.64,10.78,10.5,10.5,10.5,4701830,B3
20150701,10.5,10.57,10.29,10.36,10.36,3537860,B3
20150702,10.36,10.71,10.36,10.64,10.64,5131340,B3
20150703,10.78,11.06,10.64,10.71,10.71,9896640,B3
20150706,10.78,10.78,10.57,10.71,10.71,4328390,B3
20150707,10.71,11.06,10.57,10.78,10.78,6168850,B3
20150708,10.78,11.2,10.71,10.98,10.98,16042930,B3
20150709,10.98,11.05,10.84,10.98,10.98,5568890,B3
20150710,10.98,11.4,10.98,11.33,11.33,16772130,B3
20150713,11.47,11.75,11.33,11.61,11.61,9721200,B3
20150714,11.68,11.75,11.33,11.61,11.61,7986420,B3
20150715,11.54,11.61,11.19,11.19,11.19,7944920,B3
20150716,11.12,11.26,11.05,11.05,11.05,5268310,B3
20150717,11.05,11.26,11.05,11.12,11.12,4155830,B3
20150720,11.05,11.19,10.91,11.05,11.05,5719650,B3
20150721,11.05,11.26,10.98,11.05,11.05,4006940,B3
20150722,10.98,11.19,10.98,11.12,11.12,5171140,B3
20150723,11.12,11.54,11.12,11.26,11.26,9755160,B3
20150724,11.33,11.4,11.26,11.33,11.33,6142180,B3
20150727,11.4,11.47,11.26,11.26,11.26,5475600,B3
20150728,11.26,11.26,11.12,11.12,11.12,6832320,B3
20150729,11.12,11.19,10.98,11.05,11.05,4013810,B3
20150730,11.05,11.12,10.98,11.05,11.05,3051100,B3
20150731,11.12,11.19,10.98,10.98,10.98,2643300,B3
20150803,10.91,10.98,10.7,10.78,10.78,5563670,B3
20150804,10.85,10.92,10.78,10.85,10.85,2999870,B3
20150805,10.92,11.06,10.92,11.05,11.05,2505010,B3
20150806,11.12,11.33,10.98,11.12,11.12,13304270,B3
20150807,11.05,11.19,11.05,11.12,11.12,1336630,B3
20150810,11.12,11.26,11.12,11.19,11.19,2288610,B3
20150811,11.19,11.33,11.12,11.19,11.19,4899680,B3
20150812,11.12,11.19,10.91,10.98,10.98,3626180,B3
20150813,10.98,10.98,10.7,10.78,10.78,4965980,B3
20150814,10.71,10.85,10.57,10.71,10.71,3542210,B3
20150817,10.85,11,10.35,10.53,10.53,4842570,B3
20150818,10.53,10.67,10.46,10.6,10.6,2443130,B3
20150819,10.53,10.74,10.39,10.74,10.74,2417070,B3
20150820,10.67,10.74,10.45,10.46,10.46,1756080,B3
20150821,10.39,10.46,10.03,10.31,10.31,4448320,B3
20150824,10.17,10.17,9.59,9.67,9.67,5688150,B3
20150825,9.46,9.96,9.46,9.74,9.74,3739510,B3
20150826,9.81,10.17,9.81,10.1,10.1,3691840,B3
20150827,10.24,10.39,10.1,10.17,10.17,2748060,B3
20150828,10.24,10.46,10.17,10.46,10.46,2720170,B3
20150831,10.46,10.46,10.17,10.17,10.17,1860280,B3
20150901,10.24,10.38,10.17,10.31,10.31,1685090,B3
20150903,10.24,10.31,10.1,10.17,10.17,1475180,B3
20150904,10.17,10.38,10.17,10.24,10.24,1371600,B3
20150907,10.31,10.38,10.24,10.31,10.31,1152370,B3
20150908,10.31,10.81,10.31,10.74,10.74,6009720,B3
20150909,10.88,11.03,10.81,10.96,10.96,2777480,B3
20150910,10.82,11.03,10.82,10.96,10.96,2399020,B3
20150911,10.96,11.03,10.82,10.88,10.88,1990610,B3
20150914,11.02,11.31,11.02,11.1,11.1,3392490,B3
20150915,11.25,11.25,11.03,11.1,11.1,2173550,B3
20150916,11.03,11.03,10.88,10.95,10.95,2147220,B3
20150917,10.88,11.02,10.88,10.88,10.88,809320,B3
20150918,11.03,11.18,10.95,11.03,11.03,1237350,B3
20150921,11.33,11.33,11.18,11.32,11.32,5144260,B3
20150922,11.32,11.39,11.17,11.25,11.25,4902560,B3
20150923,11.18,11.32,11.18,11.32,11.32,2763120,B3
20150924,11.32,11.39,11.25,11.4,11.4,3722660,B3
20150925,11.33,11.33,11.25,11.25,11.25,1136030,B3
20150928,11.25,11.32,11.03,11.1,11.1,1307150,B3
20150929,10.95,11.1,10.88,11.1,11.1,2167970,B3
20150930,11.17,11.25,11.1,11.1,11.1,1035490,B3
20151001,11.32,11.4,11.17,11.25,11.25,2619760,B3
20151002,11.32,11.32,11.18,11.17,11.17,1032200,B3
20151005,11.17,11.39,11.17,11.25,11.25,2541890,B3
20151006,11.32,11.55,11.32,11.47,11.47,3536140,B3
20151007,11.54,11.54,11.4,11.4,11.4,1786280,B3
20151008,11.25,11.33,11.1,11.17,11.17,9337620,B3
20151009,11.17,11.24,11.02,11.03,11.03,2824500,B3
20151012,10.96,11.1,10.88,10.95,10.95,2679050,B3
20151013,10.88,11.02,10.88,10.95,10.95,1590810,B3
20151014,10.95,11.02,10.88,10.88,10.88,1437730,B3
20151015,10.88,10.95,10.73,10.88,10.88,2858560,B3
20151016,10.81,10.95,10.81,10.88,10.88,2432880,B3
20151019,10.88,10.88,10.81,10.8,10.8,1423060,B3
20151020,10.8,10.8,10.65,10.66,10.66,1762510,B3
20151021,10.66,10.66,10.44,10.51,10.51,2075190,B3
20151022,10.51,10.66,10.51,10.58,10.58,1411620,B3
20151023,10.58,10.73,10.58,10.66,10.66,736810,B3
20151026,10.59,10.66,10.51,10.51,10.51,1303210,B3
20151027,10.51,10.58,10.36,10.43,10.43,1501170,B3
20151028,10.43,10.5,10.36,10.36,10.36,784850,B3
20151029,10.36,10.43,10.29,10.36,10.36,1213650,B3
20151030,10.43,10.73,10.43,10.66,10.66,2162260,B3
20151102,10.73,10.81,10.59,10.66,10.66,1288050,B3
20151103,10.66,10.73,10.51,10.66,10.66,1352090,B3
20151104,10.66,10.81,10.51,10.51,10.51,1370210,B3
20151105,10.51,10.66,10.51,10.51,10.51,675030,B3
20151106,10.51,10.58,10.44,10.51,10.51,669700,B3
20151109,10.51,10.73,10.51,10.73,10.73,1673120,B3
20151110,10.66,10.73,10.58,10.58,10.58,1140750,B3
20151111,10.58,10.73,10.58,10.66,10.66,1822830,B3
20151112,10.66,10.81,10.66,10.8,10.8,3101940,B3
20151113,10.8,11.1,10.8,11.03,11.03,4236680,B3
20151116,10.96,11.03,10.88,10.95,10.95,1992040,B3
20151117,10.88,10.95,10.8,10.8,10.8,1190090,B3
20151118,10.73,10.95,10.73,10.95,10.95,1379800,B3
20151119,10.95,10.95,10.8,10.88,10.88,1132620,B3
20151120,10.81,10.95,10.81,10.8,10.8,1155950,B3
20151123,10.8,10.87,10.73,10.8,10.8,1210690,B3
20151124,10.73,10.8,10.58,10.66,10.66,708920,B3
20151125,10.66,10.73,10.59,10.66,10.66,766440,B3
20151126,10.66,10.73,10.59,10.66,10.66,624860,B3
20151127,10.66,10.73,10.59,10.58,10.58,1400280,B3
20151130,10.58,10.58,10.43,10.43,10.43,1122050,B3
20151201,10.5,10.58,10.43,10.51,10.51,691030,B3
20151202,10.51,10.58,10.51,10.58,10.58,301570,B3
20151203,10.58,10.58,10.51,10.58,10.58,105650,B3
20151204,10.51,10.58,10.43,10.51,10.51,663540,B3
20151207,10.44,10.51,10.36,10.43,10.43,377080,B3
20151208,10.43,10.43,10.28,10.43,10.43,1294930,B3
20151209,10.43,10.5,10.36,10.36,10.36,864210,B3
20151210,10.36,10.43,10.29,10.36,10.36,351980,B3
20151211,10.29,10.43,10.29,10.36,10.36,438700,B3
20151214,10.36,10.51,10.36,10.51,10.51,624120,B3
20151215,10.51,10.51,10.36,10.43,10.43,355420,B3
20151216,10.43,10.58,10.36,10.43,10.43,287090,B3
20151217,10.5,10.58,10.43,10.51,10.51,747840,B3
20151218,10.51,10.51,10.44,10.43,10.43,328350,B3
20151221,10.43,10.5,10.36,10.36,10.36,789650,B3
20151222,10.36,10.43,10.36,10.36,10.36,320960,B3
20151223,10.36,10.43,10.29,10.36,10.36,491010,B3
20151224,10.36,10.43,10.36,10.36,10.36,345610,B3
20151225,10.36,10.43,10.36,10.36,10.36,167650,B3
20151228,10.36,10.36,10.29,10.36,10.36,499740,B3
20151229,10.36,10.36,10.29,10.36,10.36,619500,B3
20151230,10.36,10.43,10.29,10.36,10.36,861420,B3
20151231,10.36,10.8,10.29,10.8,10.8,2573830,B3
20160104,10.65,10.65,10.36,10.43,10.43,532510,B3
20160105,10.36,10.5,10.36,10.36,10.36,400260,B3
20160106,10.36,10.43,10.36,10.43,10.43,251050,B3
20160107,10.43,10.43,10.28,10.29,10.29,601470,B3
20160108,10.22,10.29,10.14,10.21,10.21,646260,B3
20160111,10.21,10.28,10.14,10.14,10.14,420860,B3
20160112,10.14,10.29,10.14,10.29,10.29,467350,B3
20160113,10.29,10.36,10.22,10.21,10.21,379460,B3
20160114,10.14,10.21,10.06,10.21,10.21,458130,B3
20160115,10.14,10.21,10.06,10.14,10.14,184170,B3
20160118,10.07,10.07,9.7,9.84,9.84,1449410,B3
20160119,9.77,9.99,9.77,9.99,9.99,462500,B3
20160120,9.99,10.06,9.92,9.92,9.92,698530,B3
20160121,9.85,9.99,9.77,9.84,9.84,913700,B3
20160122,9.84,10.06,9.77,10.06,10.06,1056680,B3
20160125,10.13,10.5,10.13,10.51,10.51,2057470,B3
20160126,10.51,10.51,10.29,10.43,10.43,2260550,B3
20160127,10.5,10.58,10.43,10.51,10.51,1354930,B3
20160128,10.58,10.81,10.58,10.73,10.73,2905770,B3
20160129,10.73,10.73,10.58,10.66,10.66,910630,B3
20160201,10.73,10.73,10.59,10.66,10.66,1100900,B3
20160202,10.59,10.66,10.51,10.66,10.66,1005280,B3
20160203,10.59,10.66,10.59,10.58,10.58,430430,B3
20160204,10.65,10.8,10.58,10.73,10.73,687940,B3
20160205,10.73,10.95,10.73,10.88,10.88,1556380,B3
20160215,11.1,11.25,10.95,11.1,11.1,2888150,B3
20160216,11.1,11.1,10.95,11.1,11.1,709220,B3
20160217,11.1,11.1,11.03,11.03,11.03,1166010,B3
20160218,11.1,11.18,11.03,11.03,11.03,2149910,B3
20160219,11.18,11.55,11.03,11.47,11.47,19280170,B3
20160222,11.54,11.62,11.47,11.47,11.47,8789450,B3
20160223,11.47,11.54,11.32,11.32,11.32,6181160,B3
20160224,11.17,11.39,11.1,11.32,11.32,6150650,B3
20160225,11.32,11.39,11.17,11.17,11.17,1948280,B3
20160226,11.17,11.17,11.02,11.1,11.1,2332800,B3
20160229,11.1,11.1,10.8,10.8,10.8,1841140,B3
20160301,10.73,11.17,10.73,11.17,11.17,2895210,B3
20160302,11.17,11.24,11.02,11.1,11.1,3284990,B3
20160303,11.17,11.17,11.03,11.1,11.1,1442570,B3
20160304,11.1,11.17,11.03,11.1,11.1,2484770,B3
20160307,11.03,11.1,10.95,10.95,10.95,1340280,B3
20160308,10.95,10.95,10.88,10.95,10.95,983480,B3
20160309,10.95,11.1,10.95,11.03,11.03,2562210,B3
20160310,11.03,11.1,10.96,11.1,11.1,942020,B3
20160311,11.1,11.1,10.95,11.03,11.03,521390,B3
20160314,11.03,11.03,10.88,10.88,10.88,1047150,B3
20160315,10.95,10.95,10.81,10.88,10.88,1392220,B3
20160316,10.88,10.88,10.81,10.88,10.88,865420,B3
20160317,10.88,10.95,10.81,10.95,10.95,1405990,B3
20160318,10.88,10.95,10.88,10.95,10.95,178560,B3
20160321,10.88,10.95,10.8,10.88,10.88,905900,B3
20160322,10.88,10.95,10.81,10.8,10.8,793030,B3
20160323,10.87,10.87,10.8,10.8,10.8,163970,B3
20160324,10.8,10.87,10.73,10.73,10.73,993310,B3
20160325,10.73,10.8,10.73,10.8,10.8,1182470,B3
20160328,10.8,10.8,10.73,10.8,10.8,997270,B3
20160329,10.8,10.8,10.73,10.73,10.73,477670,B3
20160330,10.73,10.8,10.58,10.66,10.66,1120520,B3
20160331,10.66,10.73,10.59,10.58,10.58,726580,B3
20160401,10.58,10.58,10.36,10.43,10.43,891250,B3
20160404,10.43,10.5,10.36,10.43,10.43,433560,B3
20160405,10.43,10.58,10.43,10.51,10.51,1346100,B3
20160406,10.51,10.73,10.51,10.73,10.73,1164720,B3
20160407,10.66,10.8,10.58,10.73,10.73,752910,B3
20160408,10.73,10.73,10.58,10.66,10.66,802720,B3
20160411,10.66,10.73,10.59,10.73,10.73,362830,B3
20160412,10.73,10.73,10.58,10.66,10.66,690290,B3
20160413,10.59,10.66,10.51,10.66,10.66,646590,B3
20160414,10.59,10.73,10.59,10.73,10.73,322470,B3
20160415,10.66,10.73,10.58,10.58,10.58,114010,B3
20160419,10.58,10.65,10.51,10.66,10.66,449390,B3
20160420,10.66,10.73,10.59,10.73,10.73,666740,B3
20160421,10.66,10.8,10.58,10.8,10.8,578270,B3
20160422,10.8,11.1,10.73,11.03,11.03,1772530,B3
20160425,10.96,11.1,10.88,11.03,11.03,1110890,B3
20160426,10.88,11.1,10.88,11.03,11.03,806090,B3
20160427,10.88,11.03,10.88,10.88,10.88,1021140,B3
20160428,10.95,10.95,10.88,10.95,10.95,765550,B3
20160429,11.02,11.17,11.02,11.17,11.17,2274370,B3
20160504,11.17,11.17,11.02,11.17,11.17,1662640,B3
20160505,11.1,11.17,11.1,11.17,11.17,1051560,B3
20160506,11.17,11.32,11.1,11.32,11.32,2218380,B3
20160509,11.32,11.39,11.17,11.32,11.32,1338960,B3
20160510,11.02,11.32,11.02,11.25,11.25,536500,B3
20160511,11.25,11.32,11.25,11.32,11.32,1009960,B3
20160512,11.32,11.32,11.17,11.17,11.17,323970,B3
20160513,11.17,11.24,11.17,11.17,11.17,305860,B3
20160516,11.17,11.17,11.1,11.1,11.1,323540,B3
20160517,11.1,11.17,11.1,11.1,11.1,503250,B3
20160518,11.17,11.47,11.1,11.32,11.32,3482360,B3
20160519,11.32,11.62,11.25,11.54,11.54,5671620,B3
20160520,11.54,11.76,11.47,11.62,11.62,4827930,B3
20160523,11.62,11.62,11.4,11.4,11.4,1439500,B3
20160524,11.33,11.55,11.25,11.47,11.47,2236940,B3
20160525,11.47,11.47,11.25,11.25,11.25,578150,B3
20160526,11.25,11.32,11.25,11.32,11.32,769830,B3
20160527,11.32,11.47,11.25,11.4,11.4,2244640,B3
20160530,11.4,11.55,11.4,11.54,11.54,2200360,B3
20160531,11.54,11.61,11.39,11.54,11.54,929600,B3
20160601,11.61,11.61,11.47,11.54,11.54,3260700,B3
20160602,11.47,11.54,11.47,11.54,11.54,2942460,B3
20160603,11.54,11.54,11.39,11.4,11.4,377530,B3
20160606,11.4,11.47,11.33,11.32,11.32,1163570,B3
20160607,11.32,11.47,11.32,11.47,11.47,1630160,B3
20160608,11.47,11.54,11.4,11.4,11.4,1536150,B3
20160609,11.4,11.55,11.33,11.47,11.47,1437310,B3
20160610,11.47,11.77,11.4,11.4,11.4,4844400,B3
20160613,11.4,11.4,11.33,11.32,11.32,86100,B3
20160614,11.32,11.39,11.32,11.32,11.32,86120,B3
20160615,11.39,11.39,11.17,11.32,11.32,290950,B3
20160616,11.39,11.39,11.25,11.25,11.25,248630,B3
20160617,11.25,11.32,11.18,11.25,11.25,207250,B3
20160620,11.32,11.32,11.18,11.17,11.17,73780,B3
20160621,11.24,11.24,11.17,11.17,11.17,128320,B3
20160622,11.24,11.24,11.1,11.1,11.1,258250,B3
20160623,11.17,11.17,11.1,11.1,11.1,135800,B3
20160624,11.25,11.25,10.58,11.03,11.03,1158300,B3
20160627,10.81,11.03,10.81,11.03,11.03,298250,B3
20160628,11.03,11.1,10.96,11.03,11.03,77680,B3
20160629,11.1,11.18,11.1,11.1,11.1,270460,B3
20160630,11.1,11.1,11.03,11.03,11.03,197840,B3
20160701,11.03,11.1,10.96,11.1,11.1,266490,B3
20160704,11.03,11.17,11.03,11.1,11.1,675550,B3
20160705,11.1,11.32,11.1,11.25,11.25,714190,B3
20160706,11.18,11.25,11.18,11.17,11.17,151690,B3
20160707,11.17,11.24,11.17,11.17,11.17,282910,B3
20160708,11.32,11.32,11.17,11.17,11.17,244820,B3
20160711,11.17,11.24,11.1,11.25,11.25,271860,B3
20160712,11.25,11.25,11.1,11.1,11.1,547160,B3
20160713,11.17,11.32,11.1,11.32,11.32,694230,B3
20160714,11.32,11.69,11.32,11.47,11.47,811590,B3
20160715,11.4,11.54,11.32,11.47,11.47,188540,B3
20160718,11.47,11.54,11.32,11.47,11.47,336030,B3
20160719,11.32,11.4,11.25,11.25,11.25,411690,B3
20160720,11.25,11.32,11.18,11.17,11.17,210730,B3
20160721,11.17,11.32,11.17,11.25,11.25,252560,B3
20160722,11.25,11.25,11.1,11.25,11.25,510450,B3
20160725,11.18,11.25,11.1,11.1,11.1,291070,B3
20160726,11.32,11.32,11.17,11.17,11.17,170970,B3
20160727,11.17,11.32,11.17,11.25,11.25,181100,B3
20160728,11.25,11.25,11.18,11.17,11.17,205210,B3
20160729,11.24,11.24,11.1,11.1,11.1,384340,B3
20160801,11.17,11.17,11.1,11.1,11.1,361240,B3
20160802,11.1,11.17,11.03,11.03,11.03,235060,B3
20160803,11.1,11.1,10.96,11.03,11.03,116370,B3
20160804,11.03,11.03,10.96,10.95,10.95,364470,B3
20160805,10.88,10.95,10.88,10.95,10.95,166710,B3
20160808,10.95,11.02,10.95,10.95,10.95,90900,B3
20160809,10.95,11.02,10.95,10.95,10.95,144450,B3
20160810,11.02,11.1,10.95,11.03,11.03,210330,B3
20160811,11.1,11.1,11.03,11.1,11.1,242300,B3
20160812,11.17,11.17,11.03,11.03,11.03,75350,B3
20160815,11.1,11.1,10.96,11.03,11.03,54990,B3
20160816,11.03,11.03,10.96,10.95,10.95,140970,B3
20160817,10.95,11.1,10.95,11.03,11.03,238470,B3
20160818,10.96,11.1,10.96,11.03,11.03,394730,B3
20160819,11.03,11.1,10.96,10.95,10.95,121050,B3
20160822,10.95,11.02,10.95,10.95,10.95,141770,B3
20160823,10.95,11.02,10.95,10.95,10.95,102320,B3
20160824,10.95,11.02,10.95,10.95,10.95,140110,B3
20160825,10.95,11.02,10.95,11.03,11.03,62590,B3
20160826,11.03,11.03,10.96,11.03,11.03,138190,B3
20160829,10.96,11.03,10.96,10.95,10.95,130930,B3
20160830,11.02,11.02,10.95,10.95,10.95,118860,B3
20160831,10.95,11.02,10.95,10.95,10.95,116320,B3
20160901,10.95,10.95,10.88,10.95,10.95,126170,B3
20160905,10.95,10.95,10.88,10.88,10.88,104740,B3
20160906,10.95,10.95,10.88,10.88,10.88,180810,B3
20160907,10.88,10.95,10.88,10.95,10.95,67690,B3
20160908,10.95,11.02,10.95,11.03,11.03,196110,B3
20160909,11.03,11.03,10.96,11.03,11.03,240610,B3
20160912,11.03,11.07,10.96,11.03,11.03,254020,B3
20160913,10.96,11.03,10.96,10.99,10.99,154740,B3
20160914,10.99,10.99,10.92,10.95,10.95,138360,B3
20160915,10.99,10.99,10.95,10.99,10.99,163050,B3
20160916,10.95,10.99,10.92,10.91,10.91,120300,B3
20160919,10.95,10.95,10.91,10.91,10.91,242090,B3
20160920,10.91,10.95,10.87,10.91,10.91,133130,B3
20160921,10.87,10.91,10.87,10.88,10.88,201250,B3
20160922,10.88,10.95,10.88,10.91,10.91,332620,B3
20160923,10.91,10.95,10.87,10.91,10.91,210620,B3
20160926,10.87,10.91,10.87,10.91,10.91,106840,B3
20160927,10.87,10.95,10.87,10.88,10.88,426860,B3
20160928,10.88,10.95,10.84,10.88,10.88,965580,B3
20160929,10.95,10.99,10.88,10.95,10.95,200950,B3
20160930,10.95,11.02,10.91,11.03,11.03,91610,B3
20161003,11.03,11.03,10.92,10.95,10.95,296270,B3
20161004,10.88,10.95,10.88,10.91,10.91,502400,B3
20161005,10.87,10.95,10.87,10.91,10.91,361860,B3
20161006,10.95,11.02,10.91,11.03,11.03,610850,B3
20161007,11.1,11.1,11.03,11.06,11.06,464580,B3
20161010,11.06,11.06,10.95,10.99,10.99,278230,B3
20161011,10.95,10.99,10.92,10.95,10.95,322790,B3
20161012,10.99,10.99,10.95,10.95,10.95,461500,B3
20161013,10.95,10.99,10.95,10.95,10.95,380570,B3
20161014,10.99,11.17,10.99,10.99,10.99,704440,B3
20161017,10.99,11.1,10.95,11.1,11.1,477660,B3
20161018,11.03,11.1,11.03,11.1,11.1,121190,B3
20161019,11.1,11.17,11.06,11.1,11.1,619660,B2
20161020,11.1,11.1,11.06,11.1,11.1,277890,B2
20161021,11.1,11.1,11.03,11.06,11.06,179200,B2
20161024,11.29,11.37,11.06,11.15,11.15,490200,B2
20161025,11.11,11.23,11.11,11.11,11.11,213730,B2
20161026,11.11,11.19,11.07,11.07,11.07,113940,B2
20161027,11.07,11.11,11.03,11.07,11.07,180870,B2
20161028,11.07,11.11,11.07,11.07,11.07,160650,B2
20161031,11.11,11.11,11.07,11.11,11.11,264490,B2
20161101,11.11,11.11,11.03,11.11,11.11,110090,B2
20161102,11.11,11.11,10.99,11.03,11.03,170280,B2
20161103,11.03,11.03,10.91,10.92,10.92,90350,B2
20161104,10.84,10.88,10.8,10.8,10.8,234450,B2
20161107,10.8,10.88,10.72,10.84,10.84,83300,B2
20161108,10.96,10.96,10.8,10.88,10.88,87410,B2
20161109,10.88,10.88,10.18,10.72,10.72,268320,B2
20161110,10.72,10.8,10.72,10.76,10.76,216490,B2
20161111,10.8,10.84,10.72,10.72,10.72,86660,B2
20161114,10.72,10.8,10.64,10.68,10.68,95380,B2
20161115,10.68,10.72,10.6,10.64,10.64,174910,B2
20161116,10.52,10.64,10.52,10.57,10.57,162280,B2
20161117,10.57,10.65,10.49,10.53,10.53,160330,B2
20161118,10.53,10.57,10.49,10.49,10.49,188030,B2
20161121,10.49,10.53,10.41,10.41,10.41,251460,B2
20161122,10.49,10.49,10.41,10.41,10.41,250560,B2
20161123,10.45,10.53,10.41,10.45,10.45,390540,B2
20161124,10.49,10.49,10.33,10.45,10.45,248790,B2
20161125,10.45,10.45,10.33,10.37,10.37,128770,B2
20161128,10.37,10.37,10.21,10.26,10.26,128710,B2
20161129,10.26,10.34,10.22,10.33,10.33,55920,B2
20161130,10.33,10.41,10.25,10.37,10.37,65710,B2
20161201,10.37,10.41,10.29,10.29,10.29,149550,B2
20161202,10.33,10.37,10.29,10.33,10.33,69980,B2
20161205,10.29,10.33,10.25,10.26,10.26,260110,B2
20161206,10.18,10.34,10.18,10.33,10.33,173330,B2
20161207,10.25,10.41,10.21,10.22,10.22,147960,B2
20161208,10.18,10.26,10.18,10.22,10.22,107320,B2
20161209,10.34,10.34,10.18,10.33,10.33,120820,B2
20161212,10.21,10.29,10.21,10.26,10.26,135750,B2
20161213,10.26,10.26,10.18,10.26,10.26,220190,B2
20161214,10.26,10.3,10.22,10.26,10.26,149550,B2
20161215,10.26,10.26,10.22,10.22,10.22,97740,B2
20161216,10.22,10.26,10.22,10.22,10.22,203090,B2
20161219,10.22,10.41,10.22,10.29,10.29,252470,B2
20161220,10.29,10.33,10.25,10.33,10.33,159480,B2
20161221,10.33,10.33,10.29,10.33,10.33,170610,B2
20161222,10.33,10.33,10.25,10.29,10.29,207470,B2
20161223,10.29,10.29,10.25,10.26,10.26,72020,B2
20161226,10.3,10.3,10.22,10.22,10.22,161870,B2
20161227,10.26,10.3,10.22,10.29,10.29,137630,B2
20161228,10.33,10.37,10.29,10.33,10.33,248630,B2
20161229,10.33,10.41,10.33,10.41,10.41,159830,B2
20161230,10.45,10.88,10.33,10.88,10.88,1305800,B2
20170103,10.57,10.8,10.53,10.68,10.68,354170,B2
20170104,10.8,10.8,10.56,10.57,10.57,408430,B2
20170105,10.57,10.57,10.49,10.49,10.49,491670,B2
20170106,10.57,10.76,10.49,10.68,10.68,510600,B2
20170109,10.68,10.72,10.64,10.64,10.64,282940,B2
20170110,10.68,10.68,10.6,10.64,10.64,264760,B2
20170111,10.64,10.72,10.64,10.68,10.68,298930,B2
20170112,10.72,10.87,10.72,10.76,10.76,624630,B2
20170113,10.8,10.8,10.68,10.68,10.68,238250,B2
20170116,10.68,10.68,10.56,10.61,10.61,162840,B2
20170117,10.73,11,10.73,10.99,10.99,2058150,B2
20170118,11.03,11.03,10.87,10.88,10.88,436170,B2
20170119,10.96,10.96,10.76,10.8,10.8,401040,B2
20170120,10.88,10.88,10.76,10.8,10.8,461340,B2
20170123,10.76,10.88,10.72,10.72,10.72,399380,B2
20170124,10.72,10.95,10.72,10.95,10.95,459610,B2
20170125,10.95,10.99,10.87,10.99,10.99,677410,B2
20170202,10.99,11.03,10.91,11.03,11.03,379300,B2
20170203,11.03,11.11,10.95,10.99,10.99,603770,B2
20170206,10.99,10.99,10.83,10.95,10.95,257350,B2
20170207,10.99,11.03,10.87,10.88,10.88,671750,B2
20170208,11,11,10.88,10.99,10.99,366590,B2
20170209,10.95,11.07,10.95,11.07,11.07,550440,B2
20170210,11.07,11.07,10.99,10.99,10.99,212660,B2
20170213,11.11,11.22,11.07,11.19,11.19,938710,B2
20170214,11.27,11.27,11.11,11.11,11.11,577900,B2
20170215,11.11,11.27,11.11,11.27,11.27,534490,B2
20170216,11.31,11.54,11.31,11.34,11.34,940230,B2
20170217,11.34,11.46,11.3,11.46,11.46,504390,B2
20170220,11.42,11.46,11.38,11.38,11.38,558160,B2
20170221,11.38,11.42,11.34,11.38,11.38,627760,B2
20170222,11.38,11.42,11.26,11.38,11.38,940560,B2
20170223,11.54,11.54,11.34,11.5,11.5,667670,B2
20170224,11.34,11.54,11.34,11.46,11.46,354590,B2
20170227,11.34,11.46,11.34,11.42,11.42,290650,B2
20170228,11.42,11.42,11.3,11.34,11.34,434370,B2
20170301,11.42,11.42,11.22,11.3,11.3,265700,B2
20170302,11.3,11.34,11.18,11.26,11.26,201630,B2
20170303,11.18,11.3,11.1,11.18,11.18,173460,B2
20170306,11.26,11.38,11.26,11.3,11.3,267720,B2
20170307,11.3,11.3,11.26,11.3,11.3,264120,B2
20170308,11.3,11.42,11.22,11.42,11.42,576870,B2
20170309,11.42,11.91,11.38,11.79,11.79,2206040,B2
20170310,11.79,12.03,11.67,11.67,11.67,1217530,B2
20170313,11.67,11.91,11.59,11.91,11.91,902800,B2
20170314,11.91,11.95,11.79,11.87,11.87,759180,B2
20170315,11.83,11.87,11.75,11.75,11.75,355820,B2
20170316,11.75,11.83,11.71,11.75,11.75,635060,B2
20170317,11.71,11.87,11.71,11.75,11.75,736360,B2
20170320,11.83,12.4,11.83,12.19,12.19,3093190,B2
20170321,12.23,12.51,12.19,12.48,12.48,3512830,B2
20170322,12.52,12.56,12.44,12.48,12.48,2632970,B2
20170323,12.44,12.52,12.32,12.48,12.48,1778350,B2
20170324,12.48,12.8,12.48,12.68,12.68,2046070,B2
20170327,12.68,12.8,12.48,12.52,12.52,1025710,B2
20170328,12.52,12.56,12.4,12.44,12.44,1252120,B2
20170329,12.4,12.44,12.24,12.39,12.39,1310100,B2
20170330,12.35,12.71,12.35,12.6,12.6,940860,B2
20170331,12.6,12.6,12.36,12.44,12.44,492910,B2
20170403,12.32,12.52,12.24,12.52,12.52,1053100,B2
20170404,12.52,12.56,12.44,12.52,12.52,1077960,B2
20170405,12.56,12.64,12.48,12.48,12.48,906800,B2
20170407,12.4,12.48,12.36,12.44,12.44,395600,B2
20170410,12.36,12.44,12.36,12.39,12.39,336270,B2
20170411,12.39,12.71,12.35,12.68,12.68,1291140,B2
20170412,12.68,12.68,12.44,12.44,12.44,613140,B2
20170413,12.56,12.6,12.4,12.56,12.56,479970,B2
20170414,12.52,12.52,12.24,12.31,12.31,1070820,B2
20170417,12.47,12.47,12.23,12.23,12.23,976370,B2
20170418,12.23,12.31,12.07,12.31,12.31,521880,B2
20170419,12.23,12.23,12.11,12.15,12.15,254420,B2
20170420,12.11,12.23,12.11,12.15,12.15,365920,B2
20170421,12.23,12.31,12.15,12.23,12.23,297740,B2
20170424,12.15,12.19,12.11,12.11,12.11,645890,B2
20170425,12.07,12.11,11.99,12.07,12.07,758000,B2
20170426,12.11,12.39,12.07,12.19,12.19,779060,B2
20170427,12.31,12.47,12.19,12.31,12.31,1341720,B2
20170428,12.31,12.84,12.31,12.8,12.8,2269460,B2
20170503,12.8,13.61,12.8,13.61,13.61,4157830,B2
20170504,13.61,13.61,13.33,13.37,13.37,2198570,B2
20170505,13.29,13.78,13.29,13.53,13.53,2259900,B2
20170508,13.53,13.57,13.29,13.29,13.29,1798200,B2
20170509,13.29,13.53,13.29,13.49,13.49,1147100,B2
20170510,13.45,13.94,13.45,13.69,13.69,3075660,B2
20170511,13.69,13.77,13.57,13.69,13.69,967050,B2
20170512,13.69,13.69,13.53,13.53,13.53,1151560,B2
20170515,13.53,13.53,13.37,13.37,13.37,1878850,B2
20170516,13.37,13.57,13.33,13.37,13.37,1524400,B2
20170517,13.33,13.45,13.33,13.41,13.41,982720,B2
20170518,13.45,14.1,13.45,13.93,13.93,4708440,B2
20170519,14.01,14.38,14.01,14.38,14.38,3450580,B2
20170522,14.46,15.07,14.42,14.83,14.83,3030910,B2
20170523,14.59,14.79,14.26,14.26,14.26,3328940,B2
20170524,14.26,15.23,14.26,15.23,15.23,6046650,B2
20170525,15.64,15.96,15.39,15.47,15.47,5165180,B2
20170526,15.39,15.87,15.39,15.76,15.76,2157830,B2
20170529,15.76,15.88,15.52,15.55,15.55,2785230,B2
20170530,15.55,15.79,15.31,15.39,15.39,3230310,B2
20170531,15.39,15.55,15.23,15.27,15.27,2081840,B2
20170601,15.39,15.51,15.27,15.47,15.47,1197560,B2
20170602,15.55,15.59,15.31,15.39,15.39,962630,B2
20170605,15.55,15.75,15.43,15.47,15.47,1883840,B2
20170606,15.47,15.75,15.47,15.72,15.72,1494260,B2
20170607,15.92,16.45,15.92,16.4,16.4,5870170,B2
20170608,16.4,16.56,16.16,16.24,16.24,2318370,B2
20170609,16.24,16.44,16.2,16.24,16.24,1527200,B2
20170612,16.24,16.32,16.08,16.08,16.08,1751690,B2
20170613,16.04,16.28,15.76,16.12,16.12,3093530,B2
20170614,16.2,16.57,16.16,16.49,16.49,2980340,B2
20170615,16.49,16.57,16.21,16.28,16.28,1653670,B2
20170616,16.24,16.44,16.2,16.36,16.36,1845630,B2
20170619,16.36,16.89,16.32,16.81,16.81,2811560,B2
20170620,16.93,17.42,16.93,17.34,17.34,3609770,B2
20170621,17.34,17.75,16.81,17.74,17.74,4909800,B2
20170622,17.5,18.06,17.5,17.58,17.58,2404840,B2
20170623,17.42,17.5,17.17,17.42,17.42,2162290,B2
20170626,17.3,17.74,17.22,17.58,17.58,1959590,B2
20170627,17.58,17.7,17.42,17.58,17.58,1212530,B2
20170628,17.46,17.66,17.42,17.66,17.66,1070020,B2
20170629,17.82,18.15,17.7,18.07,18.07,2200730,B2
20170630,18.07,18.43,18.07,18.07,18.07,2209720,B2
20170703,18.23,18.27,17.99,18.03,18.03,1489400,B2
20170704,18.03,18.03,17.67,17.82,17.82,2803570,B2
20170705,17.74,17.82,17.41,17.62,17.62,3363150,B2
20170706,17.78,17.78,17.58,17.66,17.66,1754800,B2
20170707,17.62,17.74,17.3,17.34,17.34,3173960,B2
20170710,17.26,17.34,16.69,16.81,16.81,3314790,B2
20170711,16.81,17.17,16.61,17.17,17.17,3201390,B2
20170712,17.33,17.41,17.25,17.26,17.26,1480640,B2
20170713,17.26,17.34,17.1,17.3,17.3,817410,B2
20170714,17.3,17.42,17.14,17.22,17.22,798560,B2
20170717,17.06,17.34,16.65,16.69,16.69,2596150,B2
20170718,16.65,16.89,16.2,16.77,16.77,1387350,B2
20170719,16.97,16.97,16.61,16.61,16.61,639030,B2
20170720,16.61,16.85,16.37,16.85,16.85,851450,B2
20170721,16.85,16.93,16.44,16.45,16.45,1073920,B2
20170724,16.53,16.77,16.37,16.77,16.77,1455550,B2
20170725,16.69,17.9,16.69,17.9,17.9,3568050,B2
20170726,17.98,18.35,17.74,17.9,17.9,3812770,B2
20170727,17.9,18.18,17.82,17.98,17.98,2184450,B2
20170728,17.98,19.03,17.98,19.04,19.04,6617260,B2
20170731,19.04,19.53,18.92,19.28,19.28,4983080,B2
20170801,19.12,19.2,18.87,19.2,19.2,2723330,B2
20170802,18.88,19.44,18.63,19.04,19.04,4344820,B2
20170803,18.88,19.2,18.47,19.04,19.04,7586260,B2
20170804,19.28,19.28,18.8,18.88,18.88,1501290,B2
20170807,18.88,19.24,18.8,19.2,19.2,3758120,B2
20170808,19.2,19.2,18.71,18.88,18.88,3473580,B2
20170809,18.88,18.88,17.83,18.19,18.19,7408710,B2
20170810,18.07,18.35,17.91,18.23,18.23,3338290,B2
20170811,18.15,18.35,18.03,18.15,18.15,3122840,B2
20170814,18.15,18.84,18.11,18.79,18.79,3384150,B2
20170815,18.87,18.87,18.55,18.55,18.55,1457860,B2
20170816,18.55,18.55,18.19,18.43,18.43,1780090,B2
20170817,18.43,18.43,17.86,17.86,17.86,3710630,B2
20170818,17.74,18.14,17.58,18.15,18.15,2005430,B2
20170821,18.15,18.19,17.91,17.98,17.98,1153860,B2
20170822,17.98,18.06,17.58,17.82,17.82,1805920,B2
20170823,17.82,17.94,17.66,17.82,17.82,888120,B2
20170824,17.78,18.47,17.78,18.47,18.47,4126940,B2
20170825,18.51,18.79,18.43,18.59,18.59,3125910,B2
20170828,18.43,18.87,18.43,18.67,18.67,2172800,B2
20170829,18.63,18.95,18.55,18.59,18.59,4206280,B2
20170830,18.75,18.95,18.59,18.79,18.79,2376480,B2
20170831,18.87,19.44,18.79,19.24,19.24,6772570,B2
20170901,19.36,19.36,18.83,19,19,3641190,B2
20170905,18.96,19.16,18.84,18.92,18.92,2828120,B2
20170906,18.88,18.92,18.68,18.92,18.92,2406130,B2
20170907,18.88,19.12,18.8,18.79,18.79,2913730,B2
20170908,18.79,18.87,18.43,18.43,18.43,4304960,B2
20170911,18.31,18.55,18.19,18.19,18.19,3864890,B2
20170912,18.15,18.72,18.15,18.63,18.63,6404130,B2
20170913,18.71,18.87,18.63,18.63,18.63,1494240,B2
20170914,18.75,18.95,18.71,18.71,18.71,2064800,B2
20170915,18.71,18.71,18.51,18.55,18.55,1879360,B2
20170918,18.63,18.87,18.55,18.63,18.63,2637410,B2
20170919,18.63,18.87,18.55,18.55,18.55,2567700,B2
20170920,18.55,18.63,18.51,18.59,18.59,1510880,B2
20170921,18.59,18.83,18.55,18.75,18.75,2165830,B2
20170922,18.79,18.95,18.59,18.59,18.59,3779620,B2
20170925,18.59,18.71,18.51,18.55,18.55,2393350,B2
20170926,18.59,18.59,18.35,18.43,18.43,2963140,B2
20170927,18.47,18.47,18.35,18.39,18.39,1835200,B2
20170928,18.43,18.47,18.19,18.27,18.27,6510940,B2
20170929,18.7,19,18.61,18.68,18.68,2598600,B2
20171002,18.68,19.02,18.47,18.55,18.55,1981130,B2
20171003,18.64,18.64,18.21,18.51,18.51,1621060,B2
20171004,18.55,19.24,18.51,19.24,19.24,3487740,B2
20171005,19.37,19.54,18.98,18.98,18.98,4216170,B2
20171006,18.98,19.92,18.98,19.84,19.84,7227750,B2
20171009,20.14,20.27,19.84,19.92,19.92,5612750,B2
20171010,19.83,20.31,19.83,20.05,20.05,5285620,B2
20171011,20.05,20.31,19.88,20.01,20.01,3981470,B2
20171012,20.1,20.18,19.84,19.84,19.84,4122730,B2
20171013,19.84,20.05,19.84,20.05,20.05,3369480,B2
20171016,20.26,20.31,19.84,19.84,19.84,3933190,B2
20171017,19.84,20.14,19.84,20.14,20.14,5036910,B2
20171018,20.23,20.27,19.84,19.84,19.84,4593560,B2
20171019,19.84,19.88,19.41,19.41,19.41,6304060,B2
20171020,19.41,19.62,19.28,19.32,19.32,3763540,B2
20171023,19.23,19.32,18.89,19.06,19.06,3002430,B2
20171024,18.97,19.19,18.97,19.19,19.19,2053320,B2
20171025,19.32,19.53,19.28,19.49,19.49,3460260,B2
20171026,19.45,19.53,19.15,19.32,19.32,3024690,B2
20171027,19.32,19.75,19.32,19.75,19.75,3100630,B2
20171030,19.84,19.92,19.41,19.41,19.41,3708080,B2
20171031,19.41,19.71,19.28,19.41,19.41,3314330,B2
20171101,19.45,19.62,19.41,19.45,19.45,2467440,B2
20171102,19.58,19.71,19.06,19.28,19.28,3923110,B2
20171103,19.32,19.45,19.19,19.45,19.45,1705220,B2
20171106,19.49,19.66,19.41,19.66,19.66,2712810,B2
20171107,19.66,20.09,19.57,19.97,19.97,6773700,B2
20171108,20.06,20.53,20.01,20.44,20.44,8313850,B2
20171109,20.53,20.53,20.14,20.18,20.18,5204980,B2
20171110,20.14,20.61,19.97,20.22,20.22,6496980,B2
20171113,20.22,20.26,19.79,19.79,19.79,6356660,B2
20171114,19.88,20.09,19.49,19.84,19.84,4351390,B2
20171115,19.84,19.93,19.63,19.66,19.66,3676850,B2
20171116,19.66,20.05,19.62,20.01,20.01,5243540,B2
20171117,20.18,20.4,20.01,20.27,20.27,5474220,B2
20171120,20.31,20.61,20.18,20.39,20.39,4037860,B2
20171121,20.52,21.21,20.35,20.61,20.61,9429430,B2
20171122,20.65,20.95,20.52,20.78,20.78,11311110,B2
20171123,21.3,21.64,20.78,21.21,21.21,11421730,B2
20171124,21.21,21.51,20.95,21.25,21.25,4241180,B2
20171127,21.29,21.46,20.95,20.95,20.95,5856930,B2
20171128,20.91,21.08,20.69,20.82,20.82,6224740,B2
20171129,20.95,21.46,20.82,21.47,21.47,5515500,B2
20171130,21.56,22.07,21.56,21.98,21.98,7774150,B2
20171201,21.98,22.07,21.81,21.9,21.9,4492440,B2
20171204,22.16,22.29,22.03,22.2,22.2,4978480,B2
20171205,22.2,22.29,21.38,21.38,21.38,7829340,B2
20171206,21.47,21.47,20.91,21.38,21.38,5999460,B2
20171207,21.47,21.64,21.12,21.21,21.21,2460940,B2
20171208,21.3,21.51,21.08,21.38,21.38,2545200,B2
20171211,21.17,21.25,20.61,20.61,20.61,3737190,B2
20171212,20.7,21,19.19,20.61,20.61,7834550,B2
20171213,20.74,20.78,19.97,19.97,19.97,2439940,B2
20171214,20.1,20.79,20.01,20.61,20.61,2937360,B2
20171215,20.65,20.82,20.52,20.82,20.82,2556090,B2
20171218,20.86,21.21,20.82,21.21,21.21,4584260,B2
20171219,21.17,21.25,20.91,21.08,21.08,3594180,B2
20171220,21.12,21.51,20.95,21.38,21.38,5306880,B2
20171221,21.47,21.77,21.34,21.43,21.43,5668610,B2
20171222,21.43,21.73,21.26,21.68,21.68,4447860,B2
20171225,21.72,21.98,21.38,21.47,21.47,4188750,B2
20171226,21.21,21.56,21.17,21.47,21.47,5104630,B2
20171227,21.47,21.81,21.38,21.55,21.55,7020370,B2
20171228,21.64,22.02,21.51,22.03,22.03,10502260,B2
20171229,22.12,22.2,21.82,21.81,21.81,4708670,B2
20180102,21.9,22.8,21.77,22.8,22.8,7863840,B2
20180103,22.84,23.06,22.5,22.58,22.58,7574260,B2
20180104,22.71,22.79,22.45,22.63,22.63,6492090,B2
20180105,22.67,22.72,22.29,22.46,22.46,9788120,B2
20180108,22.42,23.58,22.37,23.57,23.57,9182660,B2
20180109,23.7,24.04,22.84,23.79,23.79,8889960,B2
20180110,23.62,24.13,23.45,23.83,23.83,6605410,B2
20180111,23.83,24.39,23.62,24.17,24.17,9781190,B2
20180112,24.38,24.73,23.53,23.62,23.62,10971780,B2
20180115,23.88,24.44,23.58,24.3,24.3,6344120,B2
20180116,23.96,24.51,23.87,24.52,24.52,6076720,B2
20180117,24.56,25,23.99,24.04,24.04,9349180,B2
20180118,23.86,24.57,23.6,24.56,24.56,5475130,B2
20180119,24.82,24.82,24.34,24.39,24.39,6430290,B2
20180122,24.65,24.7,24.43,24.56,24.56,5134220,B2
20180125,25,26.27,24.87,26.05,26.05,17433490,B2
20180126,26.31,27.8,26.05,27.63,27.63,8715830,B2
20180129,27.98,29.43,27.98,29.04,29.04,8185590,B2
20180130,28.16,29.08,27.9,28.77,28.77,7215080,B2
20180131,28.07,28.68,27.94,27.98,27.98,8488990,B2
20180201,27.98,27.98,26.84,26.93,26.93,5756850,B2
20180202,26.93,27.72,26.84,27.19,27.19,5404660,B2
20180205,26.58,26.75,25.35,25.44,25.44,6608550,B2
20180206,23.69,25.44,23.69,24.39,24.39,10584350,B2
20180207,25.79,25.88,25.27,25.61,25.61,4905570,B2
20180208,25.43,25.57,24.82,24.82,24.82,1965110,B2
20180209,23.94,25.43,23.86,25.35,25.35,4283380,B2
20180212,26.31,27.1,25.88,27.11,27.11,4292020,B2
20180213,27.37,27.99,27.37,27.63,27.63,5007700,B2
20180221,27.81,28.42,27.54,27.81,27.81,4516560,B2
20180222,27.2,28.25,27.2,27.68,27.68,5999410,B2
20180223,27.72,28.95,27.59,28.95,28.95,8690160,B2
20180226,29.3,29.43,28.51,28.55,28.55,8537260,B2
20180227,28.68,28.86,28.2,28.77,28.77,4861880,B2
20180228,28.38,30.17,28.33,30.18,30.18,11967370,B2
20180301,29.83,30.62,29.26,29.74,29.74,7906380,B2
20180302,29.21,30,29.13,30,30,4677470,B2
20180305,30.26,30.66,28.51,28.51,28.51,5883620,B2
20180306,28.95,30.18,28.55,29.82,29.82,6902530,B2
20180307,29.91,30.13,28.5,28.95,28.95,8143710,B2
20180308,29.13,29.39,28.91,28.99,28.99,3877190,B2
20180309,29.52,29.65,29.12,29.39,29.39,4015360,B2
20180312,29.83,30.09,29.61,29.65,29.65,6581200,B2
20180313,29.65,30.44,29.47,30.44,30.44,6110910,B2
20180314,30.79,31.05,30.44,30.53,30.53,8140500,B2
20180315,30.53,31.93,30.35,31.54,31.54,7349130,B2
20180316,31.58,31.98,30.97,31.58,31.58,5954490,B2
20180319,31.58,32.15,31.32,31.49,31.49,9871700,B2
20180320,31.14,32.24,31.14,31.93,31.93,8627040,B2
20180321,32.11,32.5,32.02,32.28,32.28,6529480,B2
20180322,32.28,32.37,31.45,31.58,31.58,7030500,B2
20180323,30.7,31.14,30.22,31.14,31.14,9918700,B2
20180326,30.79,31.4,30.79,31.4,31.4,4676310,B2
20180327,31.93,31.93,31.31,31.4,31.4,4895660,B2
20180328,31.22,31.44,30.87,31.05,31.05,4044330,B2
20180329,31.31,31.31,30.26,30.88,30.88,3430140,B2
20180330,30.97,31.06,30.13,30.44,30.44,4708770,B2
20180402,30.44,31.54,30.44,31.4,31.4,4871610,B2
20180403,31.75,32.19,31.4,32.19,32.19,9812670,B2
20180404,32.45,32.85,32.01,32.02,32.02,7140830,B2
20180405,32.37,32.37,31.98,32.19,32.19,4124940,B2
20180406,32.37,32.5,32.06,32.11,32.11,4481390,B1
20180409,32.15,32.46,31.58,32.28,32.28,7916060,B1
20180410,32.37,32.81,31.49,32.06,32.06,8566280,B1
20180411,32.15,32.15,30.88,30.88,30.88,9924560,B1
20180412,30.62,30.97,30.27,30.53,30.53,7914280,B1
20180413,30.79,30.97,29.04,29.04,29.04,7119030,B1
20180416,29.22,29.87,29.04,29.47,29.47,6959530,B1
20180417,29.73,30.26,29.43,30.26,30.26,4365500,B1
20180418,30.39,30.44,29.51,29.52,29.52,3062200,B1
20180419,29.48,29.52,27.81,27.98,27.98,8814380,B1
20180420,28.51,28.94,27.8,28.82,28.82,5581890,B1
20180423,28.91,28.95,26.85,26.84,26.84,8281130,B1
20180424,26.62,27.28,25.96,26.8,26.8,6262180,B1
20180426,26.98,27.02,25,25,25,7325480,B1
20180427,25,26.32,25,26.23,26.23,5014890,B1
20180502,26.32,26.54,24.56,25.7,25.7,4913120,B1
20180503,25.26,26.53,24.65,26.54,26.54,6600090,B1
20180504,26.76,27.11,26.41,26.93,26.93,4187970,B1
20180507,27.19,28.38,26.93,28.25,28.25,5165000,B1
20180508,28.07,28.34,27.55,27.63,27.63,5258130,B1
20180509,27.54,27.98,27.15,27.37,27.37,3695630,B1
20180510,27.19,27.41,25.83,25.92,25.92,5568600,B1
20180511,25.7,26.8,25.39,26.8,26.8,3364830,B1
20180514,27.11,27.19,26.45,27.19,27.19,2874420,B1
20180515,27.06,27.67,26.93,27.19,27.19,4372350,B1
20180516,26.97,27.19,26.44,26.58,26.58,2470240,B1
20180517,26.58,26.76,26.14,26.23,26.23,3596050,B1
20180518,26.32,26.58,25.18,26.58,26.58,3843160,B1
20180521,26.84,26.84,25.97,25.96,25.96,2709380,B1
20180522,25.61,25.92,24.56,25.26,25.26,5478700,B1
20180523,25,25.87,24.87,25.7,25.7,3373680,B1
20180524,25.7,26.05,25.26,25.66,25.66,3477030,B1
20180525,25.66,25.92,24.74,24.74,24.74,3662460,B1
20180528,24.21,24.74,23.03,23.07,23.07,8792650,B1
20180529,23.51,24.65,23.07,24.65,24.65,6324560,B1
20180530,24.56,24.87,24.04,24.17,24.17,3887350,B1
20180531,24.04,25.57,24.04,25.53,25.53,4835220,B1
20180601,25.35,26.06,25.18,25.66,25.66,6566120,B1
20180604,25.53,26.71,25.44,26.71,26.71,6752680,B1
20180605,26.67,27.02,26.14,26.71,26.71,5432150,B1
20180606,26.4,26.97,26.23,26.8,26.8,7349580,B1
20180607,27.02,27.55,26.84,27.11,27.11,9375250,B1
20180608,26.67,27.2,26.32,26.97,26.97,4837090,B1
20180611,26.66,27.32,26.53,26.58,26.58,5690700,B1
20180612,26.32,26.4,25.13,25.83,25.83,11024280,B1
20180613,25.79,26.05,25.26,25.88,25.88,4113320,B1
20180614,25.88,25.97,25.09,25.09,25.09,3076350,B1
20180615,24.83,25.88,24.83,25.79,25.79,3783790,B1
20180618,25.83,26.01,24.47,24.56,24.56,5709530,B1
20180619,24.12,24.25,22.89,24.12,24.12,8201500,B1
20180620,24.38,24.78,23.99,24.47,24.47,4821720,B1
20180621,24.47,24.47,23.68,23.77,23.77,2531790,B1
20180622,23.59,24.47,23.33,24.47,24.47,3260850,B1
20180625,24.73,25.08,24.6,24.74,24.74,3920670,B1
20180626,24.35,24.65,24.13,24.47,24.47,2518670,B1
20180627,24.56,24.65,23.94,23.95,23.95,2268810,B1
20180628,23.6,23.95,23.07,23.25,23.25,5509580,B1
20180629,23.25,23.6,22.9,22.98,22.98,3536370,B1
20180702,22.45,22.94,21.66,21.8,21.8,5980920,B1
20180703,21.84,22.06,20.53,20.57,20.57,6589280,B1
20180704,21.05,21.1,20.48,20.96,20.96,3296640,B1
20180705,20.96,21.14,19.78,19.78,19.78,4551160,B1
20180706,19.2,20.25,18.95,20.25,20.25,5396790,B1
20180709,20.8,21.15,20.15,20.4,20.4,4211630,B1
20180710,20.75,20.95,20.4,20.6,20.6,3230360,B1
20180711,19.8,20.1,19.25,19.4,19.4,5391670,B1
20180712,20.2,20.6,19.35,20.2,20.2,3513360,B1
20180713,20.7,21.1,20.5,20.8,20.8,5879910,B1
20180716,21.35,21.65,21.05,21.4,21.4,6714400,B1
